slang,formal
prtemuan,pertemuan
plaksanaan,pelaksanaan
brharga,berharga
cpat,cepat
anakanak,anak anak
and,dan
anjyyyuran,anjuran
antusiase,antusias
antusiasme,antusias
ass,bokong
asslah,adalah
assupan,asupan
baduta,badut
banggae,bangga
banyakk,banyak
bapake,bapak
basabasi,basa basi
bdoa,berdoa
berhentiin,berhenti
bgaimana,bagaimana
bgnnya,bangunnya
bobo,tidur
cendrawasih,cenderawasih
ckckckckk,heran
des,desa
gaskeun,ayo
dodolllll,bodoh
dooongg,dong
flexibilitas,fleksibilitas
heeehyyh,haduh
imdonesia,indonesia
izinkn,izinkan
kalurahan,kelurahan
kocyaggg,kocak
koentji,kunci
ksempatan,kesempatan
lgkah,langkah
lho,loh
literally,sebenarnya
luv,cinta
malming,malam minggu
manfaatny,manfaatnya
mangkanya,makanya
marrah,marah
mebutuhkan,membutuhkan
meberi,memberi
meanwhile,sedangkan
memastika,memastikan
membuaat,membuat
menegaskn,menegaskan
menghamburkna,menghamburkan
menguatk,kuat
menumnuhkan,menumbuhkan
mkanan,makanan
mmastikan,memastikan
mmbantu,membantu
mmbuktikan,membuktikan
mndapatkan,mendapatkan
mnghadirkan,menghadirkan
mningkatkan,meningkatkan
mnjaga,menjaga
mnjamin,menjamin
mnunjukkan,menunjukkan
morningh,pagi
mostly,kebanyakan
mrancang,merancang
mubadzir,mubazir
munafiq,munafik
mungkn,mungkin
nder,pengirim
ngabisin,habis
omon,omong
omg,ya ampun
pabowo,prabowo
pemberitahunan,pemberitahuan
pemgawasan,penngawasan
perekonimian,perekonomian
plis,tolong
pliss,tolong
pmrth,pemerintah
pmrthan,pemerintahan
police,polisi
prabroro,prabowo
preeet,halah
president,presiden
prioritasin,lebih prioritas
prjalanan,perjalanan
prisidin,presiden
prnyataan,pernyataan
problem,masalah
prodiktifitas,produktivitas
produktifitas,produktivitas
prof,profesor
public,publik
salfok,salah fokus
sbnrnya,sebenarnya
sekolahe,sekolah
sengkapnya,selengkapnya
seupriiit,sedikit
seurgent,gawat
stuntiing,stunting
subiyanto,subianto
sumatra,sumatera
taj,tak
transparency,transparansi
trilyun,triliun
twittet,twitter
walopun,walaupun
wkkwwk,lucu
wkwkkwkw,lucu
wkwkwk,lucu
wkwkwkwkwk,lucu
memonitoring,memantau
warah,walah
presentase,persentase
prabs,prabowo
prabsky,prabowo
aapun,ada pun
agam,agama
alhamdulialah,alhamdulillah
22nya,dua
7an,tujuan
@,di
aaaaaaakkk,ah
aaaaahhhh,ah
aaaammmiiiinnnn,amin
aaahh,ah
aaamiiin,amin
aaamiiinnn,amin
aaamin,amin
aahh,ah
aamien,amien
aamiiiiinnn,amin
aamiiiinnnnn,amin
aamiiin,amin
aamiin,amin
aamiinin,amin
aamiinnn,amin
aamin,amin
"abal""",abal abal
abal2,abal abal
abanggg,abang
abanggku,abangku
abeees,habis
abes,habis
abez,habis
abg,abang
abgnya,abangnya
abgnyaah,abangnya
abiiiiisssss,habis
abiiiss,habis
abis,habis
abis2,habis
abiss,habis
abisss,habis
abiz,habis
abizzz,habis
abizzzz,habis
abs,habis
acc,accord
accord,sesuai
acra,acara
ad,ada
ada2,ada ada
adaa,ada
adain,mengadakan
adapin,menghadapi
add,ada
ade,adek
adeeek,adek
adek2,adek adek
adekx,adeknya
ademm,adem
ademmm,adem
adengan,adegan
adenya,adeknya
adeuh,aduh
adiik,adik
adkah,adakah
adl,adalah
adlah,adalah
adlh,adalah
adoh,aduh
aduhh,aduh
aduhhh,aduh
aduhhhhhhhhh,aduh
aduuh,aduh
aduuhh,aduh
aduuhhh,aduh
aduuhhhh,aduh
aduuuh,aduh
adyem,adem
ae,saja
aee,saja
aelah,alah
aer,air
agama'ny,agamanya
agan2,agan agan
agk,agak
agma,agama
aha,tertawa
ahaha,haha
ahahahanjirrr,anjir
ahh,ah
ahhh,ah
ahhhh,ah
ahiok,ahok
ahokncc,ahok
aing,saya
aj,saja
aja,saja
ajaa,saja
ajaaa,saja
ajaaaaa,aja
ajaaahhhhh,saja
ajah,saja
ajahhh,saja
ajaibb,ajaib
ajaibbbbb,ajaib
ajakin,mengajak
ajarin,ajarkan
aje,saja
ajh,saja
ajha,saja
ajhh,saja
ajibb,ajib
ajj,saja
ajja,saja
ajjh,saja
ak,saya
ak,aku
akau,aku
akhirt,akhirat
akhirx,akhirnya
akhlah,akhlak
akhrt,akhirat
akika,aku
akko,aku
akkoh,aku
akku,aku
akn,akan
akuh,aku
akuhh,aku
akuu,aku
akuuu,aku
akuuuur,akur
akuwh,aku
akyu,aku
ala2,ala ala
alaami,alami
alak,kepala
alamii,alami
alamiii,alami
alay,norak
alhamd,alhamdulillah
alhamdulillaaaaah,alhamdulillah
alissnyaa,alisnya
alkhamdulilah,alhamdulillah
allaahh,allah
allahh,allah
allahhhh,allah
allahhhhhhh,allah
alloh,allah
alm,almarhum
almaidahyg,almaidah
almh,almarhumah
aloh,allah
alow,halo
alu,aku
am,sama
ama,sama
amaattt,amat
amad,amat
amatt,amat
ambilin,mengambil
ambilin,ambilkan
ambl,ambil
ameen,amin
amen,amin
amerik,amarika
amfun,ampun
amiend,amien
amienn,amien
amiennn,amien
amiennnn,amien
amiien,amien
amiiiiiiiiiiiiiiiiin,amin
amiiiiiiiiiiin,amin
amiiiiiiiiiinnnnnnn,amin
amiiiiin,amin
amiiiiinnn,amin
amiiiiinnnnn,amin
amiiiin,amin
amiiin,amin
amiiinn,amin
amiiinnn,amin
amiiinnnn,amin
amiin,amin
amiinn,amin
amiinnn,amin
amiinnnn,amin
amin2,amin
aminn,amin
aminn2,amin
aminnn,amin
aminnnn,amin
aminnnn2,amin
aminnnnn,amin
amit2,amit amit
ammiiin,amin
ammin,amin
amohhh,kamu
amp,dan
ampe,sampai
amploppp,amplop
ampunn,ampun
ampunnnn,ampun
ampunnnnn,ampun
ampuun,ampun
ampuunn,ampun
ampuuun,ampun
ampuuunn,ampun
ampyunnnn,ampun
amu,kamu
"anak""",anak anak
anak'y,anaknya
anak2,anak anak
anak2e,anak anaknya
anak2mu,anak anakmu
anak2nya,anak anaknya
anakny,anaknya
anakx,anaknya
analisise,analisis
ancur,hancur
ancurrr,hancur
andaaa,anda
aned,banget
anedh,banget
aneed,banget
aneh2,aneh aneh
anehhh,aneh
aneut,banget
anggar,dana
angis,nangis
angkaini,angka
anj,anjing
anjaaaayyyyyy,anjay
anjaayy,anjay
anjay,anjing
anjayyyy,anjay
anjingnyaa,anjingnya
anjir,anjing
anjirr,anjir
anjirrr,anjir
anjirrrr,anjir
anjjjjjjjj,anjing
anjrit,anjing
ank,anak
"ank""",anak anak
ank2,anak anak
ank2nya,anak anaknya
ankknyaaa,anaknya
anknya,anaknya
ankx,anaknya
annnnjjjjjjrrrr,anjir
anter,antar
anterin,antar
anterin,antarkan
anugrah,anugerah
anyeng,anjing
ap,apa
ap2,apa apa
"apa""",apa apa
apa2,apa apa
apa2nya,apa apanya
apaa,apa
apaaa,apa
apaaan,apaan
apaalahh,apalah
apaan,apa
apah,apa
apain,apai
apal,hapal
apalagiii,apalagi
apalai,apalagi
apalg,apalagi
apalgi,apalagi
apasih,apa sih
apasihhh,apasih
ape,apa
apes,sial
apikkkk,apik
aplikasiin,mengaplikasikan
aplks,aplikasi
aplot,unggah
apo,apa
appa,apa
applikasi,aplikasi
aps,apa
apun,apapun
apus,hapus
apva,apa
aq,saya
aq,aku
aqu,aku
aquwh,aku
arab2,arab arab
arghhh,ah
"artis""",artis artis
artis2,artis artis
artisnyaa,artisnya
"artist""",artis artis
artix,artinya
asap,sesegera mungkin
asbun,asal bunyi
aseek,asyik
aseekk,asyik
asek,asyik
asekk,asyik
aseknya,asyiknya
asem,asam
asikkk,asik
asliii,asli
asliiii,asli
asliiiii,asli
aslinyo,aslinya
asoy,asyik
aspal,asli tetapi palsu
astafirullah,astagfirullah
astagaa,astaga
astagaaa,astaga
astagaaaa,astaga
astagaaaaaa,astaga
astagaaaaaaaa,astaga
astagfirrullah,astagfirullah
astagfirullh,astagfirullah
astauviruloh,astagfirullah
astgfrlh,astagfirullah
astgfrullah,astagfirullah
astrojim,astagfirullahaladzim
astul,asal tulis
asuuu,asu
asyikkkkk,asyik
atassan,atasan
atassss,atas
ath,kalau begitu
"ati""",hati hati
ati2,hati hati
ato,atau
ats,atas
atu,satu
atuh,kalau begitu
atuhh,atuh
atuhhh,atuh
atutt,takut
atuu,satu
atw,atau
au ah,tidak mau tahu
aurot,aurat
autuhh,tau tuh
ava,avatar
awaas,awas
awak,saya
awal2,awal awal
awk,awak
awl,awal
awoohhh,allah
aws,awas
ay,sayang
ayahh,ayah
ayang,sayang
ayank,sayang
ayok,ayo
ayoklaa,ayolah
ayoo,ayo
ayooo,ayo
ayoook,ayo
ayoookkkkkk,ayo
ayoooo,ayo
ayooook,ayo
ayuk,ayo
ayukk,yuk
aza,saja
azaab,azab
azeeeek,asik
azekkkk,asik
b,untuk
b2,berdua
b2an,berduaan
b3,bertiga
b4,sebelum
baaaaaang,bang
baaiikkk,baik
baang,bang
baanget,banget
baanggeettt,banget
babget,banget
baca2,baca baca
bacaaaa,baca
bacahalah,bacalah
bacot,banyak bicara
bacotin,bacoti
badaaiii,badai
badaii,badai
badingkan,membandingkan
bae2,baik baik
baek,baik
baek2,baik baik
bagaatt,banget
bagaimanaaa,bagaimana
bagaimna,bagaimana
baget,banget
bagi2,bagi bagi
bagiii,bagi
bagiin,bagikan
bagiin,membagikan
bagus2,bagus bagus
bagusnyeee,bagusnya
baguss,bagus
bagusss,bagus
bagussss,bagus
baguusss,bagus
baguuus,bagus
baguuuuus,bagus
bahas2,bahas bahas
baik2,baik baik
baik2nya,baik baiknya
baikk,baik
baikxa,baiknya
bajir,banjir
baju'a,bajunya
baju.a,bajunya
baju2,baju baju
bakalan,akan
bakar2in,bakar bakarin
bakattt,bakat
bales,balas
bales2in,balas membalas
balesin,membalas
bandes,bantuan desa
bandingin,bandingkan
bangat,banget
bangcat,bangsat
banged,banget
bangedd,banget
bangedh,banget
bangedt,banget
bangeeeeetttt,banget
bangeeeet,banget
bangeeet,banget
bangeeettt,banget
bangeer,banget
bangeet,banget
bangeett,banget
bangeettt,banget
banger,banget
bangets,banget
bangett,banget
bangettt,banget
bangetttt,banget
bangettttt,banget
bangetttttt,banget
bangettttttt,banget
bangetttttttt,banget
bangetttttyt,banget
bangg,bang
"bangga""in",membangga banggakan
bangga2in,membangga banggakan
banggain,banggakan
bangget,banget
banggett,banget
bangke,bangkai
bangkotan,tua
bangkret,bangkrut
bangrt,banget
bangshad,bangsat
bangt,banget
"bangt""",banget banget
banhet,banget
bante,bantai
bantuanny,bantuannya
bantuim,bantu
banx,bang
banyaaaaaak,banyak
banyaaaak,banyak
banyaak,banyak
banyak2,banyak banyak
banyakin,membanyaki
baraang,barang
barang2,barang barang
barengg,bareng
baru2,baru baru
baruu,baru
basbang,basi
basodaraa,bersaudara
bat,banget
batesin,batasi
batikk,batik
battt,banget
batwc,banget
"bawa""",bawa bawa
bawa2,bawa bawa
bawak,bawa
bayangin,bayangkan
bazengg,bajingan
bbrp,beberapa
bbrpa,beberapa
bc,baca
bca,baca
bcanda,bercanda
bcnda,bercanda
bcoz,karena
bdampingan,berdampingan
bdan,badan
bdg,bandung
bdn,badan
beb,sayang
bebal,bodoh
bebrp,beberapa
beda2,beda beda
bedaa,beda
bedaaa,beda
bedain,membedakan
bedainnya,membedakannya
bedakin,bedak
bedanyaaa,bedanya
bedua,berdua
beef,daging sapi
begajulan,nakal
begete,banget
beginii,begini
beginiiii,begini
begok,bego
bejibun,banyak
bejilbbnya,berjilbabnya
"bela""in",membela bela
bela2in,membela bela
belain,membela
belanjaa,belanja
beliiin,belikan
beliin,belikan
beliin,membelikan
bellain,membela
belom,belum
belooomm,belum
beluumm,belum
benahin,membenahi
"benar""",benar benar
benar2,benar benar
benarbenar,benar benar
benarin,membenarkan
benarjujur,jujur
benarjujur,benar
bencong,banci
benda2,benda benda
bener,benar
"bener""",benar benar
bener2,benar benar
beneraan,benaran
beneran,benaran
benerr,benar
benet,benar
benetaran,benaran
bengkak2,bengkak bengkak
benneeeeeerr,benar
bentar,sebentar
bentarr,bentar
ber'expresi,berekspresi
ber2,berdua
ber3,bertiga
berangat,berangkat
berani2,berani berani
berarto,berarti
berati,berarti
beratttttttt,berat
berbakiti,berbakti
berbeda2,berbeda beda
berbiiiiiihhh,barbie
berdikari,berdiri di atas kaki sendiri
berenanh,berenang
beresin,membereskan
berfikir,berpikir
bergunaa,berguna
berhijap,berhijab
berjinah,berzina
berkluarga,berkeluarga
bermaksut,bermaksud
berntung,beruntung
bertatto,bertato
bertolernsi,bertoleransi
beruntungnyaaaa,beruntungnya
"besar""",besar besar
besar2an,besar besaran
besar2in,besar besarkan
besarin,membesarkan
besokkk,besok
besook,besok
bet,banget
bete,bosan
beti,beda tipis
bets,banget
bettt,banget
betul2,betul betul
betuuuuulllllllllllllllll,betul
beud,banget
beudd,banget
beut,banget
bg,abang
bg,bang
bgd,banget
bgect,banget
bget,banget
bgettt,banget
bgi,bagi
bgini,begini
bgitu,begitu
bgmana,bagaimana
bgmn,bagaimana
bgmna,bagaimana
bgn,badan gizi nasional
bgn badan gizi nasional,
bgni,begini
bgs,bagus
bgt,banget
bgtt,banget
bgttt,banget
bgtttt,banget
bgttttttt,banget
bgtttttttt,banget
bgtu,begitu
bgtuu,begitu
bgun,bangun
bgus,bagus
bgussss,bagus
bhagaia,bahagia
bhagia,bahagia
bhas,bahas
bhet,banget
bhgia,bahagia
bhgiain,membahagiakan
bhijab,berhijab
bhkn,bahkan
bhn,bahan
bhnya,bahannya
bhs,bahasa
bhubu,tidur
bhw,bahwa
bhwa,bahwa
biarin,biarkan
biasa2,biasa biasa
biasaa,biasa
biasaaa,biasa
biasaaaa,biasa
biasahhh,biasa
bijak2,bijak bijak
bijimane,bagaimana
bijin,bikin
bikinin,membikin
bikinin,bikin
bikinnn,bikin
"bilang""",bilang bilang
bilang2,bilang bilang
bilangg,bilang
bilangin,bilang
bilanh,bilang
bilng,bilang
bimbuluh,bimbingan dan penyuluhan
binggo,banget
bingiiittttzzzz,banget
bingiiittzz,banget
bingiit,banget
bingiittt,banget
bingit,banget
bingits,banget
bingitss,banget
bingitsss,banget
bingitt,banget
bingittzz,banget
bingitzzzz,banget
bintal,bimbingan mental
bird,biru
biri,biru
bisaa,bisa
bisaaa,bisa
bisax,bisanya
bisi,kalau kalau
biza,bisa
bju,baju
bka,buka
bkal,bakal
bkan,bukan
bkin,bikin
bkl,akan
bkln,bakalan
bkn,bukan
bkn,bikin
bknnya,bukannya
bl,beli
blajar,belajar
blakon,berlakon
blegug,bodoh
bleh,boleh
blg,bilang
blh,boleh
bli,beli
bli2n,beli belikan
blik,balik
blim,belum
bljr,belajar
blkang,belakang
blkng,belakang
blln,bulan
blm,belum
bln,bulan
blng,bilang
blnja,belanja
bloghhh,goblok
blom,belum
bls,balas
blum,belum
bnchi,benci
bnci,benci
bnda,bunda
bner,benar
"bner""",benar benar
bner2,benar benar
bneraan,benaran
bneran,benaran
bnern,benaran
bnerr,benar
bng,bang
bngatt,banget
bngeeeetttt,banget
bngeet,banget
bnget,banget
bngett,banget
bngettt,banget
bngetttt,banget
bnggain,banggakan
bngkit,bangkit
bngt,banget
bngtt,banget
bngttt,banget
bngtttt,banget
bngtzt,banget
bngun,bangun
bngung,bingung
bngunlah,bangunlah
bngy,banget
bnk,bang
bnr,benar
bnr2,benar benar
bnran,benaran
bnran,yang benar
bnrn,benaran
bntar,bentar
bntr,bentar
bntu,bantu
bnyak,banyak
bnyk,banyak
bo'ong,bohong
bodhoo,bodoh
bodhooo,bodoh
bodor,lucu
bohay,badan aduhai
bokap,ayah
bokep,video porno
bokep,porno
boker,buang air besar
boker,berak
bokin,pacar
bokis,bohong
bol3h,boleh
bolang,bocah petualang
bole,boleh
boleh2,boleh boleh
boljug,boleh juga
bolot,bodoh
bonek,bocah nekat
bonyok,ayah ibu
boong,bohong
boro2,boro boro
bosaan,bosan
bosen,bosan
bosen2,bosan bosan
bosenin,membosankan
boss,bos
botakin,botaki
botakkkk,botak
boyeh,boleh
bpk,bapak
bpkmu,bapakmu
bpknya,bapaknya
br,baru
bradegan,beradegan
brangnya,barangnya
brani,berani
branjak,beranjak
brantem,berantem
brapa,berapa
brarti,berarti
brasa,berasa
brayyy,bray
brb,segera kembali
brbakti,berbakti
brbuat,berbuat
brdiri,berdiri
brdua,berdua
brengsekk,brengsek
bres,beres
brg,bareng
"brg""",bareng bareng
brhasil,berhasil
brhjb,berhijab
brisi,berisi
brita,berita
britanya,beritanya
brjdh,berjodoh
brjodoh,berjodoh
brkunjun,berkunjung
brngkt,berangkat
bro,saudara laki laki
bronis,brondong manis
brp,berapa
brpa,berapa
brpndapat,berpendapat
brrt,berarti
brrti,berarti
brsama,bersama
brsma,bersama
brsyukur,bersyukur
brtngkar,bertengkar
bru,baru
brubah,berubah
brur,saudara laki laki
brusaha,berusaha
bs,bisa
bsa,bisa
bsen,bosan
bsk,besok
bsok,besok
bt,buat
bt,bosan sekali
btuh,butuh
btul,betul
btulan,betulan
btw,ngomong ngomong
bu_bu,tidur
buangbuang,buang
buanget,banget
buanyaaak,banyak
buatin,buatkan
buatin,membuat
buaya,tidak setia
bubarin,bubarkan
bubbu,tidur
buber,buka bersama
bubu,tidur
bujngn,bujangan
bujubune,luar biasa
bujukk,bujuk
buka2,buka buka
buka2an,buka bukaan
bukak,buka
bukan'a,bukannya
bukn,bukan
bukti2,bukti bukti
buktiin,buktikan
buktiin,membuktikan
buktinyaaa,buktinya
bulet,bulat
bumil,ibu hamil
bund,bunda
bundaa,bunda
bundaaa,bunda
bundaaaa,bunda
bunga2,bunga bunga
bungggg,bung
bungkusin,bungkuskan
bungkuuussss,bungkus
bungkuuuuuuuuusss,bungkus
burem,buram
buruann,buruan
buruannn,buruan
busedh,buset
buseett,buset
buser,buru sergap
buuun,bun
buzzer,sebar
buzzerbuzzer,buzzer
bw,bawa
"bwa""",bawa bawa
bwhn,bawahan
bwt,buat
byak,banyak
byangin,membayangkan
byar,bayar
byaran,bayaran
byk,banyak
byr,bayar
byrin,bayarkan
bz,bisa
c,sih
c8,chat
caaannnttiikkk,cantik
caantiiik,cantik
cabal,sabar
cabe2,cabe cabe
cabe2an,cabe cabean
cabol,cabul
cabut,pergi
cadas,keren
cadasss,cadas
caem,cakep
cakeeeeppp,cakep
cakeep,cakep
cakepp,cakep
cali,caci
calo,makelar
cama cama,sama sama
campurin,mencampuri
can,belum
canci,cantik
cangcut,celana dalam
cannnnntikkkkkkk,cantik
cannntikk,cantik
cans,cantik
canteek,cantik
canti,cantik
cantiiiiiiik,cantik
cantiiiik,cantik
cantiiiikk,cantik
cantiiik,cantik
cantiiikk,cantik
cantiiikkk,cantik
cantiiillx,cantik
cantiik,cantik
cantiik2,cantik cantik
cantiikk,cantik
cantiikkkk,cantik
cantik2,cantik cantik
cantik2nya,cantik cantiknya
cantika,cantik
cantikk,cantik
cantikkk,cantik
cantikkkk,cantik
cantikkkkk,cantik
cantikkkkkk,cantik
cantikkkkkkkk,cantik
cantikkkm,cantik
cantiknnnnyaaaaaaa,cantiknya
cantiknyaa,cantiknya
cantiknyaaa,cantiknya
cantiknyaaaaa,cantiknya
cantiks,cantik
cantikx,cantiknya
cantinya,cantiknya
cantip,cantik
cantiq,cantik
cantiqs,cantik
cantix,cantik
cantk,cantik
canttikkk,cantik
canttttikkk,cantik
canyk,cantik
capa,sapa
capcus,pergi
cape,capek
capee,cape
capek,lelah
caper,cari perhatian
caranga,caranya
cari2,cari cari
cariin,carikan
catiiiiik,cantik
catokin,catok
caur,jelek
caya,percaya
cayalah,percaya
cb,coba
cba,coba
ccok,cocok
cd,celana dalam
ce,cewek
ceemen,cemen
cek2,cek cek
cekak,tidak ada uang
cekal,cegah tangkal
cekidot,coba lihat
ceklist,ceklis
cem,macam
cemburuu,cemburu
cemen,penakut
cemplungin,cemplungkan
cempreeng,cempreng
cengengesan,tertawa
centillll,centil
centilnyaaaaaa,centilnya
ceper,pendek
cepet,cepat
cepet2,cepat cepat
cepetan,cepatan
cerdass,cerdas
cerdiik,cerdik
ceritax,ceritanya
ceu,kakak perempuan
cew,cewek
cewe,cewek
cewer,jewer
chelalyyu,selalu
choker2,choker choker
chuyunk,sayang
ciapa,siapa
cibuk,sibuk
ciee,cie
cieee,cie
cieeee,cie
cieeeee,cie
ciieeeeeee,cie
ciiieee,cie
cimeng,ganja
cin,cinta
cinggirnyaaaa,cinggirnya
cini,sini
cino,cina
cintaaaaaaa,cinta
cintax,cintanya
cipika cipiki,cium pipi kanan cium pipi kiri
ciptain,ciptakan
ciptain,menciptakan
cita2,cita cita
ciumman,ciuman
ciusss,serius
ciuuuummmm,cium
ciye,cie
ciyeeee,cie
ciyeeeeeee,cie
ciyh,sih
ciyusss,serius
ckck,ck
ckepp,cakep
ckp,cakep
ckp,cukup
ckrng,sekarang
ckup,cukup
clbk,cinta lama bersemi kembali
cm,cuma
cma,cuma
cman,cuman
cmiiw,correct me if i'm wrong
cmkn,camkan
cmn,cuman
cmpr,campur
cmpur,campur
cnenk,senang
cntiiikkk,cantik
cntik,cantik
cntikan,cantikan
cntikk,cantik
cntiknya,cantiknya
cntk,cantik
co,cowok
cobaa,coba
cobaaa,coba
cobaaaa,coba
cobain,mencoba
cobain,coba
cobak,coba
coccokk,cocok
cock,cocok
cocokk,cocok
cocokkk,cocok
cocokkkk,cocok
cocokkkkk,cocok
cocokny,cocoknya
cocokx,cocoknya
cocook,cocok
cocookk,cocok
coeggg,coeg
cogan,cowok ganteng
comen,komen
comen2nya,komen komennya
coment,komentar
coment,komen
comment2nya,komentar komentarnya
comnet,komen
comntr,komentar
cong,banci
congor,mulut
conlok,cinta lokasi
cooocok,cocok
cooooooocok,cocok
"coret""",coret coret
cow,cowok
cowo,cowok
cowwyy,maaf
coxok,cocok
coyyy,coy
coz,karena
cp,siapa
cpa,siapa
cpe,capek
cpet,cepat
cpit,sipit
cppa,siapa
cppe,capek
cpt,cepat
cr,cara
cri,cari
critamu,ceritamu
cuaaantikk,cantik
cuaantik,cantik
cuantek,cantik
cuanti,cantik
cuantik,cantik
cuantikkk,cantik
cuat,muncul
cubanget,lucu banget
cuchook,cocok
cuco,cocok
cucok,cocok
cucokkk,cocok
cuek,tidak acuh
cuex,cuek
cukurrr,cukur
cuman,Cuma
cumi,Cuma miscall
cumn,cuman
cums,cuma
cungkring,kurus tinggi
cups,culun
cupu,culun
curanmor,pencurian kendaraan bermotor
curas,pencurian dengan kekerasan
curcol,curahan hati colongan
curhat,curahan hati
curhat2,curhat curhat
cuyy,cuy
cuyyy,cuy
cw,cewek
cwe,cewek
cwek,cewek
cwnya,ceweknya
cwo,cowok
cwok,cowok
cyiiin,cinta
cyin,cinta
cz,karena
d,di
d,ada
d.apa,diapa
d.bikinin,dibikin
da,sudah
da,dah
da,ada
daaaah,deh
daaah,dah
daah,dah
daah,deh
dagh,sudah
dah,deh
dahh,deh
dahh,dah
dahhhh,dah
dak,indak
dalem2,dalam dalam
dalil2,dalil dalil
dallam,dalam
damang,sehat
dapet,dapat
dapetin,mendapati
dapetin,mendapatkan
dar,dari
darpada,daripada
dasaar,dasar
dasarrr,dasar
dasyat,dahsyat
dateng,datang
dblkang,dibelakang
dblkng,dibelakang
dbnding,dibanding
dbuat,dibuat
dbwh,dibawah
dcintai,dicintai
ddlm,di dalam
ddpat,didapat
ddpt,didapat
de,dek
de,deh
de,adik
debay,adek bayi
dech,deh
dede,adek
dedek,adek
dedeknya,adeknya
dee,dek
deeek,dek
deeh,deh
deg2an,deg degan
dehat,sehat
dehh,deh
dehhh,deh
dehhhh,deh
dek,adik
deket,dekat
deketin,dekati
dekk,dek
dekkk,dek
dekt,dekat
demen,suka
dempga,semoga
dengarin,mendengarkan
dengeeriin,dengarkan
denger,dengar
dengerin,dengarkan
dengerin,mendengarkan
deuhh,duh
dewassa,dewasa
deyh,deh
dg,dengan
dgn,dengan
dgr,dengar
dh,deh
dh,dah
dhe,deh
dhi,di
dhpusin,dihapuskan
diaa,dia
diaaa,dia
diajarin,diajari
diakibtkn,diakibatkan
"diam""",diam diam
diamkn,diamkan
diancurin,dihancurkan
dianter,diantar
dianterin,diantarkan
dianterin,diantar
diapa2in,diapa apai
diapain,diapakan
dibangga'in,dibangga banggakan
dibanggain,dibanggakan
dibiarin,dibiarkan
dibikin2,dibikin bikin
dibkatakan,dikatakan
dibls,dibalas
dibnggain,dibanggakan
dibungkusin,bungkus
didapet,didapat
didatengin,didatangi
didengerin,didengarkan
dieee,dia
diem,diam
diemin,diamkan
diemm,diam
difotoin,difoto
digabtikan,digantikan
digambarin,digambarkan
diginiin,dibeginikan
diginikan,dibeginikan
digituin,dibegitukan
digosipin,digosipkan
dihargain,dihargai
dihh,dih
dihpus,dihapus
dii,di
diihhhh,dih
diindonesis,diindonesia
diingetin,diingatkan
dijadiin,dijadikan
dijelekin,dijelekkan
dijkt,dijakarta
dijwb,dijawab
dikata2in,dikata katai
dikatain,dikatai
dikemanain,dikemanakan
dikerasin,dikerasi
diksi,dikasih
diladenin,diladeni
dilepas2,dilepas lepas
diliat,dilihat
diliatnya,dilihatnya
dilindungin,dilindungi
diluangin,diluangkan
diluarann,diluaran
dimaafin,dimaafkan
"dimana""",dimana mana
dimana2,dimana mana
dimao,dimau
dimarahin,dimarahi
dimasukin,dimasuki
dimintak,diminta
dimna,dimana
dimusiumin,dimuseumkan
dinamakn,dinamakan
"dingin""",dingin dingin
dinyanyiin,dinyanyikan
dipake,dipakai
dipermainin,dipermainkan
dipikirin,dipikirkan
dipilahpilah,pilih
dipojokin,dipojokkan
dipuja2,dipuja puja
diputusin,diputuskan
dirimuuu,dirimu
dirmh,dirumah
dirumahny,dirumahnya
disiniii,disini
disni,disini
disono,di sana
disupirin,disopiri
ditayangin,ditayangkan
ditengah2,ditengah tengah
ditutupin,ditutupi
dituutup,ditutup
diuber,dikejar
diurusin,diurusi
dket,dekat
dket2in,dekat dekati
dkit,sedikit
dkk,dan kawan kawan
dkuburnya,dikuburnya
dl,dulu
dlam,dalam
dll,dan lain lain
dlm,dalam
dlu,dulu
dluar,diluar
dmana,dimana
dmn,dimana
dmna,dimana
dn,dan
dng,dengan
dngan,dengan
dngerin,mendengarkan
dngn,dengan
dnk,dong
do,di
doa2,doa doa
doaang,doang
doang,saja
doangam,doang
doank,doang
dodol,bodoh
doeloe,dulu
doi,dia
doku,uang
don juan,playboy
dongg,dong
donggg,dong
dongggg,dong
dongs,dong
donk,dong
donkk,dong
donks,dong
donlot,unduh
donx,dong
doong,dong
doonk,dong
dooong,dong
dosa2mu,dosa dosamu
dosaa,dosa
dosaaaaaaaaaa,dosa
dosax,dosanya
dpke,dipakai
dpn,depan
dposisi,diposisi
dpotong,dipotong
dpt,dapat
dptkan,dapatkan
dptnya,dapatnya
dr,dari
dramaa,drama
dri,dari
drii,dari
drimana,darimana
drimnanya,darimananya
dripada,daripada
dripda,daripada
drmana,darimana
drmn,darimana
drpada,daripada
drpd,daripada
drtd,dari tadi
ds,desa
dsana,disana
dsar,dasar
dsb,dan sebagainya
dsini,disini
dsna,disana
dsni,disini
dsr,dasar
dsrny,dasarnya
dssi,disisi
dst,dan seterusnya
dstu,disitu
dteng,datang
dtg,datang
dtggu,ditunggu
dtgkan,datangkan
dtinggl,ditinggal
dtnggu,ditunggu
dtunggu,ditunggu
dua2nya,dua duanya
duanyaa,duanya
duetin,duet
dugem,dunia gemerlap
duh,aduh
duhh,duh
duhhh,duh
duhhhhh,duh
duit,uang
dulurrr,dulur
duluu,dulu
duluuu,dulu
dumsss,dong
dung,dong
dungu,bodoh
dunk,dong
dureen,duren
duren,durian
durhaka2,durhaka durhaka
duuhh,duh
duuhhh,duh
duuhhhhh,duh
duuuhh,duh
duuuhhh,duh
dwh,deh
dwsa,dewasa
dy,dia
dya,dia
dzolim,zalim
ea,ya
eakyu,waktu
ed,edisi
edaaaan,edan
edaaan,edan
edaaann,edan
edan,gila
edannn,edan
editannn,editan
eeeeh,eh
eeeehhhh,eh
eehhh,eh
eey,eh
ego,emosi
egp,emang gue pikirin
ehh,eh
ehhh,eh
eike,aku
eke,aku
eksprsi,ekspresi
el,si
elaaaahhhh,alah
elahh,alah
elo,kamu
elo,lo
elo2,lo lo
eloo,lo
elu,lu
elu,kamu
elus2,elus elus
ema,emak
emak2,emak emak
emakx,emaknya
emang,memang
emangnya,memangnya
emank,memang
emeessss,gemas
emeezzz,gemas
emeshh,gemas
emesshhh,gemas
emessss,gemas
emg,memang
emk,emak
emng,memang
emngnya,memangnya
emnknya,memangnya
emte,makan teman
en,
enakkkkk,enak
endak,tidak
engga,tidak
"engga""",enggak enggak
enggak,tidak
engk,enggak
enk,enak
entahhh,entah
entar,nanti
entr,entar
envy,iri
epe,apa
etc,et cetera
euyyyyy,euy
ex,mantan
expresi,ekspresi
ext,extension
eyke,aku
fakta2,fakta fakta
faktakta,fakta
fakultass,fakultas
fans,fan
fans2,fan fan
fatanik,fanatik
fav,favorit
favoriteeee,favorit
fax,facsimile
fb,facebook
fhoto,foto
fhotonya,fotonya
fi,di
fifo,first in first out
fightingprogram,semangat
fikiran,pikiran
fillm,film
filmny,filmnya
finek,finansial ekonomi
fitnag,fitnah
flagship,unggulan
flim.a,filmnya
flm,film
folbek,follow back
fotbar,foto bareng
"foto""",foto foto
foto2,foto foto
foto2nya,foto fotonya
fotoin,memfoto
fotony,fotonya
fr,serius
fr asli,
frestasiii,prestasi
fto,foto
fto2,foto foto
fwd,diterukan
fyi,sebagai informasi
g,enggak
ga,tidak
ga,enggak
gaa,enggak
gaada,tidak ada uang
gaada,enggak ada
gabakal,enggak bakal
gabisa,enggak bisa
gabisa,tidak bisa
gada,enggak ada
gadiss,gadis
gag,tidak
gag,enggak
gagahx,gagahnya
gahar,sangar
gaharus,enggak harus
gaje,tidak jelas
gaje,enggak jelas
gajelas,enggak jelas
gak,tidak
gak,enggak
gak papa,tidak apa apa
gakk,enggak
gakkk,enggak
gakpapa,enggak apa apa
gakuat,enggak kuat
gakusah,enggak usah
gakwad,enggak kuat
gamau,enggak mau
gamau,tidak mau
gambarin,gambarkan
gan,juragan
gangguin,mengganggu
gans,ganteng
ganteeeeng,ganteng
ganteng2,ganteng ganteng
gantengbs,ganteng
gantengg,ganteng
gantenggg,ganteng
gantengkuuuuuu,gantengku
gantengnyaaaa,gantengnya
gantengsaya,ganteng
ganteung,ganteng
gantheng,ganteng
ganti'kn,menggantikan
gantiin,menggantikan
gantng,ganteng
gantweng,ganteng
gapake,enggak pakai
gapap,enggak apa apa
gapapa,tidak apa apa
gapernah,enggak pernah
gaprgi,enggak pergi
gaptek,gagap teknologi
gapunya,enggak punya
"gara""",gara gara
gara'',gara gara
gara2,gara gara
garemin,garami
garuk2,garuk garuk
gasalah,enggak salah
gasih,enggak sih
gatau,tidak tahu
gatau,enggak tau
gataunya,enggak taunya
gatek,gagap teknologi
gatot,gagal total
gausa,enggak usah
gausah,enggak usah
gawe,kerja
gawl,gaul
gawul,gaul
gax,tidak
gayannxa,gayanya
gayany,gayanya
gayax,gayanya
gbs,enggak bisa
gbs,tidak bisa
gda,tidak ada uang
gda,enggak ada
gde,gede
gebetan,orang yang disuka
gebleg,geblek
gedeg,gedek
geeelaakk,gila
geer,gede rasa
geetoo,begitu
gegra,gegara
geh,gih
gehh,gih
geje,tidak jelas
gelo,gila
gemay,gemas
gemeeezzzz,gemas
gemeessss,gemas
gemes,gemas
gemesiin,menggemaskan
gemesin,menggemaskan
gemesinnnnn,menggemaskan
gemesnya,gemasnya
gemess,gemas
gemesshh,gemas
gemesshzzzzhzzhzhzhsjssjs,gemas
gemesss,gemas
gemesyak,gemas ya
gemez,gemas
gemezz,gemas
gemezzzz,gemas
gemmeeezzz,gemas
genduut,gendut
geneeee,begini
genggg,geng
genittt,genit
gepeng,gelandangan dan pengemis
gerombol,rombongan
geuliiiiiiis,geulis
gewlaaaaa,gila
gg,enggak
ghiey,lagi
ghiy,lagi
gi,lagi
giitu,begitu
gilaa,gila
gilaaa,gila
gilaaaa,gila
gilaaaaaa,gila
gilak,gila
gilakkk,gila
gilakkkkk,gila
gilakkkkkk,gila
gilagilaan, gila
gile,gila
gils,gila
gilsss,gila
gilzz,gila
giman,gigi mancung
gimana,bagaimana
gimanaa,bagaimana
gimanaaaa,bagaimana
gimn,bagaimana
gimna,bagaimana
ginflasi,inflasi
gingsungny,gingsulnya
gini,begini
ginian,beginian
ginii,begini
giniii,begini
giniin,beginikan
gino,gigi nongol
ginting,ganteng
gitchu,gitu
githu,gitu
giti,begitu
gitu,begitu
gitu2,begitu gitu
gituan,begituan
gituh,begitu
gituin,begitukan
gitulah,begitulah
gituu,begitu
gituuu,begitu
gituuuuu,begitu
gj,tidak jelas
gk,enggak
gk,tidak
gkhianati,mengkhianati
gkk,enggak
gkkan,enggak akan
gksalah,enggak salah
gksi,enggak sih
glembeeeer,gelambir
glowing,sehat
gmana,bagaimana
gmanapun,bagaimanapun
gmau,enggak mau
gmn,bagaimana
gmna,bagaimana
gmpg,gampang
gn,begini
gndakan,gandakan
gni,begini
gnii,begini
gnti,ganti
gnyngka,enggak menyangka
goblog,goblok
goblok,bodoh
goblokkk,goblok
gokiiill,gila
gokil,gila
gokill,gila
gokilll,gila
gokillllll,gila
gokilnya,gilanya
golput,golongan putih
gombal,suka merayu
goncengin,boncengkan
good,bagus
gosipin,menggosipkan
gossip2.an,gosip gosipan
governor,gubernur
gowes,mengayuh sepeda
gpl,tidak pakai lama
gpny,tidak punya
gpp,tidak apa apa
gpp,enggak apa apa
gr,gede rasa
gr2,gara gara
gra2,gara gara
graaatiiiis,gratis
gratiss,gratis
gratisss,gratis
greged,greget
gretong,gratis
gretongan,gratisan
grgr,gara gara
grunya,gurunya
gt,begitu
gtau,tidak tahu
gtau,enggak tau
gthu,begitu
gtkeracunan,racun
gtu,begitu
"gtu""",begitu gitu
"gtu""an",begitu gituan
gtu2,begitu gitu
gtuh,begitu
gtuu,begitu
gtw,enggak tau
gtw,tidak tahu
gua,saya
guaa,gua
guaaaaaaa,gua
guanteng,ganteng
gub,gubernur
gue,saya
guee,gue
gueee,gue
gueeeee,gue
gunaa,guna
guoblok,goblok
guw,gue
guys,teman teman
gw,saya
gw,gue
gws,cepat sembuh
gx,enggak
gya,gaya
ha,tertawa
hadapin,menghadapi
haddeh,aduh
hadeeehhh,aduh
hadeehh,aduh
hadeeuh,aduh
hadeuh,aduh
hadeuuh,aduh
hadeuuhhhh,aduh
hadirr,hadir
hadirrr,hadir
haduh,aduh
haduuuh,aduh
haghaghag,tertawa
haha,tertawa
haii,hai
haiii,hai
hakhak,tertawa
hal2,hal hal
halahh,alah
halangin,halangi
halllo,halo
hallo,halo
hallooo,halo
hallow,halo
halooo,halo
halow,halo
hampasss,hempas
hancurin,menghancurkan
hancuuuuuy,hancur
handak,bahan peledak
hankam,pertahanan dan keamanan
hansip,pertahanan sipil
"happi""",hepi hepi
happy,bahagia
hapusin,hapuskan
haragain,menghargai
hardcore,keras
hargs,harga
hari2,hari hari
haru,harus
hasilnyaaa,hasilnya
haslnya,hasilnya
hat,hati
"hati""",hati hati
hati.a,hatinya
hati2,hati hati
hatii,hati
hatiiii,hati
hay,hai
hayal,khayal
hayalanku,khayalanku
hayooo,hayo
hayukk,hayo
hayuu,hayo
hbis,habis
hbs,habis
hdk,hendak
hdp,hidup
hdpn,hadapan
hdpnya,hidupnya
hdup,hidup
hebaat,hebat
hebatt,hebat
hedeuuhh,aduh
heeee,hai
hehe,he
hehh,eh
heii,hai
helloo,halo
hellooooooo,halo
hellow,halo
helo,halo
helooooo,halo
helow,halo
hematt,hemat
hempaass,hempas
heter,pembenci
heters,pembenci
hey,hai
hgga,hingga
hi,hai
hianatin,khianati
hidiyah,hidayah
hiduppp,hidup
hidupppp,hidup
hidupx,hidupnya
hiduupppp,hidup
hiii,hai
hijaabbb,hijab
hijabb,hijab
hijap,hijab
hilangin,menghilangkan
hilangv,hilang
himana,bagaimana
hiraukn,hiraukan
hiri,hari
hlm,halaman
hlng,hilang
hmpir,hampir
hndak,hendak
hndk,hendak
hngga,hingga
hny,hanya
hnya,hanya
hoaks,bohong
hoax,bohong
hoax,isu bohong
hokiii,hoki
hotak,botak
hotx,hotnya
houm,rumah
hpus,hapus
hr,hari
hri,hari
hrs,harus
hrsny,harusny
hrsnya,harusnya
hrus,harus
hrusnya,harusnya
hslnya,hasilnya
ht,hati
hub,menghubungi
hub,hubungi
hub,hubungan
hubad,hubungan angkatan darat
hubdar,perhubungan darat
hubla,perhubungan laut
hubngan,hubungan
hubunggi,hubungi
huff,mengeluh
huft,mengeluh
hujatann,hujatan
hum,rumah
humas,hubungan masyarakat
humoris,lucu
humz,rumah
hurts,pedih
hy,hai
iaa,iya
iaa,ya
ibliss,iblis
ibu2,ibu ibu
ibuk2,ibu ibu
ibuyg,ibu
idamann,idaman
idk,saya tidak tahu
idolaa,idola
idoolaaa,idola
idung,hidung
idungnya,hidungnya
idup,hidup
idupnya,hidupnya
igtlah,ingatlah
ihh,ih
ihhh,ih
ihhhh,ih
ihhhhh,ih
iih,ih
iihh,ih
iiih,ih
iiihh,ih
iiihhhh,ih
iiihhhhh,ih
iiii,ih
iiiihhhhhj,ih
iiiiiiiii,ih
iiiiiiiiii,ih
ijap,ijab
ikh,ih
ikon,lambang
ikut2,ikut ikut
ikut2an,ikut ikutan
ikutin,ikuti
ikutin,mengikuti
ilang,hilang
"ilang""",hilang hilang
ilang in,hilangkan
ilang2,hilang hilang
ilang2an,hilang hilangan
ilfeel,tidak suka
ilfil,tidak suka
ilmh,ilmu
imba,jago sekali
imho,in my humble opinion
imoet,imut
imoetz,imut
impactnya,manfaat
imut2,imut imut
imutt,imut
imutttttt,imut
imuttzz,imut
imuutt,imut
imuuttt,imut
in,ini
indahhh,indah
indefendet,independen
indo,indonesia
indoneaia,indonesia
indonesiaaa,indonesia
indonesiaah,indonesia
info,informasi
infpyunnnn,ampun
ingeet,ingat
inget,ingat
ingetin,mengingatkan
inggat,ingat
inggrisny,inggrisnya
inghinn,ingin
ingi,ingin
inginkn,inginkan
ingt,ingat
inia,ini
iniehh,ini
inih,ini
inihhh,ini
inii,ini
iniii,ini
iniiiii,ini
iniiiiiiiiiiiiiii,ini
iniw,ini
inni,ini
insom,insomnia
insonniaaa,insomnia
iooo,lo
iq,kecerdasan
iriiiii,iri
irit,hemat
iseng2,iseng iseng
isengin,bercanda
ista,nista
istaa,nista
istimewaaa,istimewa
istiqamah,istikamah
istiqomah,istikamah
istiqomahhh,istikamah
it,itu
item,hitam
ithu,itu
ituh,itu
itumahh,itumah
itung,hitung
itungan,hitungan
ituu,itu
ituuu,itu
ituuuu,itu
ityl,itil
iu,itu
iy,iya
iyaa,iya
iyaaa,iya
iyaaaa,iya
iyaap,iya
iyaappps,iya
iyah,iya
iyak,iya
iyala,iya lah
iyap,iya
iye,iya
iyh,iya
iyha,iya
iyo,iya
iyuh,ih
iyuuhhh,ih
iyuuuhhhh,ih
j,saja
ja,saja
jaaangan,jangan
jaadii,jadi
jablay,jarang dibelai
jadii,jadi
jadiin,jadikan
jadiin,jadi
jadilh,jadilah
jadu,jadi
jadul,jaman dulu
jadulnya,jaman dulunya
jagain,menjaga
jagain,jaga
jahatin,menjahati
jaim,jaga image
jakety,jaketnya
"jalan""nya",jalan jalannya
jalan2,jalan jalan
jalanani,menjalani
jalanin,menjalani
jamam,jaman
jaman2,jaman jaman
jaman2nya,jaman jamannya
jan,jangan
jancuk,anjing
"jangan""",jangan jangan
jangan2,jangan jangan
janjinyaa,janji
janjutin,lanjutkan
janka,jangka
jaoooh,jauh
jari2,jari jari
jatoh,jatuh
jatuhnyaa,jatuhnya
jauhh,jauh
jauhhh,jauh
jauhin,jauhi
jauuhhh,jauh
jawabanny,jawabannya
jayus,tidak lucu
jd,jadi
jd'y,jadinya
jdi,jadi
jdii,jadi
jdikan,jadikan
jdulnya,judulnya
jdwl,jadwal
"jelas""",jelas jelas
jelas2,jelas jelas
jelase,jelas
jelashh,jelas
jelasssss,jelas
"jelek""in",menjelek jelekkan
jelek2,jelek jelek
jelekin,menjelekkan
jelex,jelek
jels,jelas
jem,jam
jendes,janda
jendess,janda
jendesss,janda
jendral,jenderal
jeniuss,jenius
jentelmen,berani
jerewi,jerawat
jg,juga
jga,juga
jgan,jangan
jgk,juga
jgn,jangan
jgn2,jangan jangan
jgnkan,jangankan
jh,saja
jidad,jidat
jijay,jijik
jilbabny,jilbabnya
jilbabnyaah,jilbabnya
jilbabnye,jilbabnya
jilbb,jilbab
jing,anjing
jir,anjing
jirr,anjir
jirrrr,anjir
jisss,haduh
jjur,jujur
jk,jika
jkrta,jakarta
jkt,jakarta
jkwi,jokowi
jlbb,jilbab
jlek,jelek
jln,jalan
jln2,jalan jalan
jls2,jelas jelas
jmnya,jamnya
jmpaaaa,jumpa
jnagn,jangan
jnda,janda
jng,jangan
jngan,jangan
jngn,jangan
jngnn,jangan
jnj,janji
jodohny,jodohnya
jodohx,jodohnya
jogetin,berjoget
jomblo,tidak punya pacar
jombsss,jomblo
jorokkkk,jorok
jorookknya,joroknya
joz top markotop,bagus banget
jrang,jarang
jrnk,jarang
jt,juta
jth,jatuh
jubir,juru bicara
judulnyaa,judulnya
jugaa,juga
jugaaa,juga
jugaakk,juga
jugak,juga
jungkiir,jungkir
jurdil,jujur adil
justeru,justru
jutek,galak
jwab,jawab
jwb,jawab
jwban,jawaban
k,ke
k,kak
k',kak
ka,kakak
ka,kak
kaa,kak
kaaa,kak
kaaaa,kak
kaaaaa,kak
kaaaaaaaaaakkkkkkkkkkk,kak
kaaaaaann,kan
kaaakk,kak
kaaan,kan
kaak,kak
kaakaaaa,kakak
kaakk,kak
kaan,kan
kaannnn,kan
kaasian,kasihan
kab,kabupaten
kabag,kepala bagian
kabor,kabur
kacauuuu,kacau
kacian,kasihan
kaciiaann,kasihan
kacrut,kacau
kadit,kepala direktorat
kadiv,kepala divisi
kafeh,kafe
kaga,kagak
kaga,tidak
kagak,tidak
kageeet,kaget
kageet,kaget
kaitannha,kaitannya
kaj,kak
kaka,kakak
kakakaaaaaaaaaaaaaa,kakak
kakakgh,kakak
kakakkk,kakak
kakakny,kakaknya
kakakuuu,kakakku
kakanga,kakaknya
kakanya,kakaknya
kakau,kalau
kakk,kak
kakk,kakak
kakkk,kak
kakkkk,kak
kakkkkk,kak
kalahnye,kalahnya
kale,kali
kaleee,kali
kaliaan,kalian
kaliann,kalian
kaliannn,kalian
kaliannnnnm,kalian
kaliannnnnn,kalian
kaliannnnnnn,kalian
kalii,kali
kaliii,kali
kaliiii,kali
kaliiiiiii,kali
kaliiin,kalian
kalik,kali
kalli,kali
kallo,kalo
kalo,kalau
kalogak,kalo enggak
kalok,kalo
kaloo,kalo
kalu,kalau
kalw,kalau
kam,kamu
kamiiii,kami
kamo,kamu
kampret,sialan
kampungn,kampungan
kamtib,keamanan dan ketertiban
kamtibmas,keamanan dan ketertiban masyarakat
kamu2,kamu kamu
kamuh,kamu
kamunyaa,kamunya
kamuu,kamu
kamuuuu,kamu
kamuwh,kamu
kamyu,kamu
kamyuhhh,kamu
kana,kanan
kanapa,kenapa
kancang,kencang
kangeeeeeeeeeeennnnn,kangen
kangeeeeeeeeennnnnnnn,kangen
kangeeeeeeeenya,kangen
kangeeeeennn,kangen
kangeeeennn,kangen
kangeeeennnnn,kangen
kangeeerrn,kangen
kangeen,kangen
kangeenn,kangen
kangem,kangen
kangenn,kangen
kangennn,kangen
kangennnn,kangen
kangennnnn,kangen
kangennnnnmnnnnnnnnnnnnnnnnn,kangen
kangennnnnn,kangen
kangennnnnnn,kangen
kangennnnnnnnnnnnnnnn,kangen
kanggen,kangen
kanggggg,kang
kann,kan
kannn,kan
kanwil,kantor wilayah
kapaan,kapan
kapan2,kapan kapan
kapn,kapan
kapt,kapten
kareno,karena
karir.a,karirnya
karmaaa,karma
karna,karena
kartunin,kartun
"karya""",karya karya
karya2,karya karya
kasar2,kasar kasar
kasat,kepala satuan
kasi,kasih
kasiaannn,kasihan
kasian,kasihan
kasiannn,kasihan
kasiatnya,khasiatnya
kasihn,kasihan
kasiian,kasihan
kasubbag,kepala subbagian
kasubbid,kepala subbidang
"kata""",kata kata
kata2,kata kata
kata2nya,kata katanya
kata2nyaaa,kata katanya
katanyaa,katanya
kate,kata
katrok,kampungan
kau,kamu
kauuuu,kau
kawinin,mengawini
kaya,kayak
kaya'a,kayanya
kayaa,kaya
kayahhh,kaya
kayakk,kayak
kayanya,kayaknya
kayanye,kayanya
kayaq,kayak
kayax,kayak
kbahagiaan,kebahagiaan
kbar,kabar
kbawa,terbawa
kberkahn,keberkahan
kbetulan,kebetulan
kbiasaan,kebiasaan
kbr,kabar
kcantikan,kecantikan
kcewa,kecewa
kcian,kasihan
kcil,kecil
kcwa,kecewa
kdang,kadang
kdg,kadang
kdg2,kadang kadang
kdng,kadang
kdu,harus
kdua,kedua
keak,kayak
kebagi,terbagi
"kebaikan""y",kebaikannya
kebalas,terbalas
kebangetak,kebangetan
kebanggan,kebanggaan
kebarat2an,kebarat baratan
kebawa,terbawa
kebayang,terbayang
kebayanyaa,kebayanya
keberpa,keberapa
kebnyak'an,kebanyakan
kebongkar,terbongkar
kebukaaa,terbuka
kebukti,terbukti
keburu,terlanjur
kebykan,kebanyakan
kec,kecamatan
kecantikanga,kecantikannya
kece2,kece kece
keceee,kece
keche,kece
keciil,kecil
keciill,kecil
kecik,kecil
"kecil""",kecil kecil
kecover,tutup
kecptan,kecepatan
kecr,kece
kedengeran,kedengaran
kedokk,kedok
kedpan,kedepan
keduaa,kedua
kedubes,kedutaan besar
keedaannya,keadaannya
keee,ke
keeeeeren,keren
keeeerrrreeeennnnnnnnn,keren
keinget,teringat
kejadianny,kejadiannya
kejahatn,kejahatan
kejawab,terjawab
kejurnas,kejuaraan nasional
kejuu,keju
kek,seperti
kek,kayak
kekeuh,keras kepala
kekgini,kayak begini
kekk,kayak
keknya,kayaknya
kekuranganny,kekurangannya
kel,kelurahan
kel,keluarga
kelahuran,kelahiran
kelaluan,kelakuan
kelas'a,kelasnya
keles,kali
keliatan,kelihatan
keliatannya,kelihatannya
kellen,kalian
keluarin,mengeluarkan
keluarin,keluarkan
kelus,kali
kemakan,termakan
kemaren,kemarin
kemariin,kemarin
kemarn,kemarin
kembaq,kembar
kemn,kemana
kemuh,kamu
kenaliiin,kenalkan
kenalin,mengenalkan
kenalin,kenalkan
kenalin,memperkenalkan
kenapaa,kenapa
kenape,kenapa
kenceng,kencang
kencng,kencang
kencqng,kencang
keneh,masih
kentot,senggama
kenyataan2,kenyataan kenyataan
kepad,kepada
kepd,kepada
kepda,kepada
kepeleset,kepleset
kepelesett,terpeleset
kepengen,mau
kepikir,terpikir
kepikiran,terpikirkan
kepingin,mau
kepingin,pengin
kepo,mau tahu urusan orang
kepoh,kepo
kepoin,kepo
kepoin,mengepoi
kepoin,kepoi
kepppoin,kepoi
kepsek,kepala sekolah
keputihn,keputihan
keq,kek
keq,kayak
kerasin,kerasi
kerass,keras
kere,tidak punya uang
kereeeeen,keren
kereeeeennn,keren
kereeeeennnn,keren
kereeeen,keren
kereeen,keren
kereeennnn,keren
kereen,keren
kereenn,keren
kereennn,keren
"keren""",keren keren
keren2,keren keren
kerenn,keren
kerennn,keren
kerennnn,keren
kerennnnn,keren
kerjaan,pekerjaan
kerreeen,keren
kerrennn,keren
kerrrrennnn,keren
kesalahanny,kesalahannya
kesampean,kesampaian
kesbang,kesatuan bangsa
kesetaraanmbg,setara
kesian,kasihan
kesinii,kesini
kesiniii,kesini
kesra,kesejahteraan rakyat
ketaatanny,ketaatannya
ketara,tertara
ketarik,tertarik
ketauan,ketahuan
ketawaa,ketawa
ketawain,mentertawakan
ketawakkkk,ketawa
ketemuuu,ketemu
ketipu,tertipu
ketrima,diterima
ketuker,tertukar
keukeuh,keras kepala
kgak,kagak
kgeeeen,kangen
kgiatan,kegiatan
kgn,kangen
kh,kah
kha,kah
khadiran,kehadiran
khadirannya,kehadirannya
khan,kan
kharismanya,karismanya
khdpn,kehidupan
khidupan,kehidupan
kibul,bohong
kibus,kaki busuk
kimpoi,kawin
kira2,kira kira
kirain,mengira
kiriii,kiri
kirimin,mengirimi
kitaa,kita
kitaaa,kita
kite,kita
kiya,kita
kk,kakak
kka,kakak
kkak,kakak
kki,kaki
kklau,kalau
kl,kalo
kl,kalau
klahiran,kelahiran
klaim,pengakuan
klakuan,kelakuan
klas,kelas
klau,kalau
klauu,kalau
klen,kalian
klepek2,klepek klepek
klg,keluarga
klhran,kelahiran
kli,kali
klian,kalian
klianz,kalian
kliatan,kelihatan
kliatanya,kelihatannya
klihatan,kelihatan
klk,kelak
klkuan,kelakuan
kll,kalo
klmbutan,kelembutan
kln,kalian
klo,kalo
klo,kalau
klok,kalo
kloop,klop
kloter,kelompok terbang
klow,kalau
klrga,keluarga
klu,kalau
kluar,keluar
kluarga,keluarga
klw,kalau
klwrga,keluarga
km,kamu
km,kami
kmana,kemana
kmana2,kemana mana
kmar,kamar
kmaren,kemarin
kmari,kemari
kmariiin,kemarin
kmarin,kemarin
kmauan,kemauan
kmbali,kembali
kmbang,kembang
kmbl,kembali
kmewahan,kemewahan
kmi,kami
kmn,kemana
kmps,kampus
kmpus,kampus
kmren,kemarin
kmrin,kemarin
kmrm,kemeramen
kmrn,kemarin
kmu,kamu
kn,kan
knal,kenal
knan,kanan
kndung,kandung
kngen,kangen
kngenn,kangen
kngn,kangen
knl,kenal
knlan,kenalan
knp,kenapa
knpa,kenapa
knpp,kenapa
knsul,konsultasi
knyataan,kenyataan
ko,kok
koar,teriak
kobul,kabul
kocaaaak,kocak
kocaaaakkk,kocak
kocakkk,kocak
kocakkkkkk,kocak
kocakkkkkkkkkkkkkk,kocak
koclak,kocak
kodya,kota madya
kog,kok
kokkk,kok
kokohh,engkoh
komdis,komisi disiplin
komen2,komen komen
komen2an,komen komenan
komenan,komentar
komenannya,komentarnya
koment,komentar
komentar2,komentar komentar
komentarin,komentari
komentarin,mengomentari
komentnya,komentarnya
komenx,komennya
komntr,komentar
kompi,komputer
komsov,komunis sovyet
komtiong,komunis Tiongkok
komuk,muka
komun,komunitas
komunitas2,komunitas komunitas
kongkow,kumpul bareng teman teman
konjen,konsulat jenderal
konsekwensi,konsekuensi
konsul,konsultasi
kontak2,kontak kontak
konten2,konten konten
kopdar,kopi darat
koplak,kocak
koplakkk,koplak
koq,kok
korek2,korek korek
korup,korupsi
kostom,kostum
kowe,kamu
kox,kok
kpada,kepada
kpan,kapan
kpancing,terpancing
kpd,kepada
kpleset,kepleset
kpn,kapan
kpn2,kapan kapan
kpnpun,kapanpun
kptsan,keputusan
kpuasan,kepuasan
kq,kok
kqmu,kamu
kr,kira
kra,kira
kraya,karya
kreative,kreatif
kreean,keren
kreeenn,keren
kreen,keren
kren,keren
krena,karena
krenn,keren
krenz,keren
kri,kiri
krik,garing
krim,kirim
kriput,keriput
krjaan,pekerjaan
krm,kirim
krmh,ke rumah
krn,karena
krn,karna
krna,karena
krng,kurang
krpoooo,kepo
krudung,kerudung
krudungan,kerudungan
krus,kurus
krya,karya
ksenangan,kesenangan
ksh,kasih
ksih,kasih
ksini,kesini
ksitu,kesitu
kslahan,kesalahan
kslhn,kesalahan
ksni,kesini
ksukaanmuuu,kesukaanmu
ksyngn,kesayangan
kt,kita
kt2,kata kata
kta,kata
kta,kita
ktaa,kita
ktaatan,ketaatan
ktanya,katanya
ktauan,ketahuan
ktawa,ketawa
ktemu,ketemu
ktergantungan,ketergantungan
ktg,kita
ktika,ketika
ktipu,tipu
ktmu,ketemu
ktny,katanya
ktnya,katanya
ktr,kantor
ktwa,ketawa
kuaaatt,kuat
kuatttt,kuat
kubarikan,kuberikan
kucing'y,kucingnya
kudu,harus
kueren2,keren keren
kuliyh,kuliah
kuninggg,kuning
kuningggg,kuning
kunjungin,kunjungi
kuper,kurang pergaulan
kuq,kok
kura2,kura kura
kurangin,kurangi
kureeeen,keren
kurng,kurang
kusem,kusam
kususnya,khususnya
kutuu,kutu
kuu,ku
kuy,yuk
kuyy,yuk
kuyyy,yuk
kw,kau
kw,imitasi
kwatir,kawatir
kx,kak
ky,seperti
ky,kaya
kya,kaya
kyak,kayak
kyaknya,kayaknya
kyanya,kayanya
kyax,kayak
kyk,kayak
kyk,seperti
kyk.a,kayaknya
kykny,kayanya
kyknya,kayaknya
kyy,kaya
la,lah
laa,lah
laaaah,lah
ladenin,meladeni
laen,lain
laenny,lainnya
lafazd,lafaz
lagihh,lagi
lagii,lagi
lagiii,lagi
lagiiii,lagi
laginy,laginya
lagu'y,lagunya
lagu2,lagu lagu
lagu2nya,lagu lagunya
lahh,lah
lahhh,lah
lahhhhhh,lah
lahirr,lahir
lainnn,lain
lainnyaa,lainnya
lairannya,kelahirannya
laka,kecelakaan
"laki""",laki laki
laki2,laki laki
lakik,laki
"laku""",laku laku
lakuin,melakukan
lam,salam
lama2,lama lama
lambreta,lambat
lamp,lampiran
lancr,lancar
langgengggg,langgeng
langgenh,langgeng
lanjutin,lanjutkan
lanjutkaaaaan,lanjutkan
lansia,lanjut usia
lanud,landasan udara
lapakk,lapak
lapas,lembaga pemasyarakatan
latgab,latihan gabungan
latian,latihan
lau,kau
lawaaaas,lawas
lbh,lebih
lbih,lebih
lbihh,lebih
lbur,libur
lcu,lucu
le,boleh
lebar2,lebar lebar
lebay,berlebihan
lebayy,lebay
lebh,lebih
ledekin,ledeki
ledkin,meledeki
leh,boleh
lekong,laki
lekong,laki laki
lelet,lambat
lemot,lambat
lemot,lambat berfikir
lemot,lemah otak
lengkapp,lengkap
lengkeeett,lengket
lenje,lenjeh
lepasin,melepas
less,kurang
level dewa,luar biasa
lg,lagi
lggeng,langgeng
lggi,lagi
lgi,lagi
lgkah2,langkah langkah
lgkp,lengkap
lgs,langsung
lgsg,langsung
lgsung,langsung
lgu,lagu
lgunya,lagunya
lh,lah
lh,boleh
lha,lah
lhat,lihat
lhir,lahir
lhirr,lahir
lhoo,loh
lhooo,loh
lht,lihat
liaat,lihat
liaatt,lihat
liad,lihat
liat,lihat
liat'y,lihatnya
liat2,lihat lihat
liatiii,lihat
liatin,memperlihatkan
liatin,perlihatkan
liatlah,lihatlah
liatnya,lihatnya
liatnyaaa,lihatnya
liatt,lihat
liattt,lihat
light,terang
lihaat,lihat
lihaatttt,lihat
liht,lihat
linmas,perlindungan masyarakat
lipetan,lipatan
liptsk,lipstik
litbang,penelitian dan pengembangan
liyat,lihat
liyatnya,lihatnya
lkuin,lakukan
llki,lelaki
lluu,lu
lluuccuu,lucu
lma,lama
lmyan,lumayan
lmyn,lumayan
lngkp,lengkap
lngsing,langsing
lngsung,langsung
lo,kamu
loch,loh
loe,kamu
loe,lo
lohh,lo
lohh,loh
lohhh,loh
lohhhh,loh
loksyut,lokasi syuting
lol,tertawa
lola,lambat berfikir
lom,belum
loncatt,loncat
loncattt,loncat
loo,lo
loo,loh
looh,loh
loohhh,loh
looo,loh
loooh,loh
looohh,loh
louph,cinta
loupz,cinta
low,kalau
lowh,kamu
lp,lupa
lsg,langsung
lt,lantai
lu,kamu
luaarrr,luar
luber,"langsung, umum, bebas, dan rahasia"
luccu,lucu
luchu,lucu
luchuw,lucu
luco,lucu
lucu2,lucu lucu
lucuk,lucu
lucukkkkk,lucu
lucunaaa,lucunya
lucunyah,lucunya
lucuu,lucu
lucuukk,lucu
lucuuu,lucu
lucuuuk,lucu
lucuuuu,lucu
lucuuuuu,lucu
lucuuuuuuuu,lucu
lucuuuuuuuuuu,lucu
lucux,lucunya
luff,cinta
luh,lu
luhhh,lu
lum,belum
lupain,melupakan
luph,cinta
lurusin,meluruskan
luthu,lucu
luthuna,lucunya
lutu,lucu
lutuna,lucunya
lutunaa,lucunya
lutunaaa,lucunya
luu,lu
luucuuu,lucu
luuuaar,luar
luuuucuuu,lucu
lw,kalau
lw,lu
lw,kamu
lwn,lawan
lwt,lewat
lyt,lihat
m,sama
ma,sama
maaasss,mas
maacih,terima kasih
maaciw,terima kasih
maafin,memaafi
maak,mak
maap,maaf
maapin,maaf
maapin,maafi
maau,mau
maauuu,mau
me, mau
mabal,bolos
mabes,markas besar
macam2,macam macam
macem,macam
macem macem,macam macam
macem2,macam macam
macih,masih
madesu,masa depan suram
maem,makan
maen,main
maenya,mainnya
magabut,makan gaji buta
mahall,mahal
mahatma,maju sehat bersama
mahh,mah
mahhhh,mah
maho,manusia homo
maho,homo
mai,mau
main2,main main
majuuu,maju
mak,ibu
mak jang,kaget
makany,makanya
makanyaa,makanya
makasi,terima kasih
makasih,terima kasih
make,memakai
"maki""",maki maki
makkk,mak
makny,maknya
maksain,memaksa
maksain,memaksakan
maksd,maksud
maksih,terima kasih
maksir,menaksir
maksutku,maksudku
malah,bahkan
malangg,malang
malem,malam
males,malas
malh,malah
malingg,maling
malsudnya,maksudnya
malu2in,memalukan
malu2in,malu malui
maluu,malu
maluuu,malu
maluuuu,malu
mam,makan
mama.nyy,mamanya
mamas,mas
mamax,mamanya
mamer,memamerkan
mampuussss,mampus
mampuuu,mampu
mamz,makan
mancing2,memancing mancing
mancungin,memancungkan
mandiin,memandikan
maneh,kamu
manen,panen
mang,memang
manggil,panggil
manies,manis
maniez,manis
manisnyaaaa,manisnya
manisss,manis
manjain,memanjakan
mansetan,bermanset
mansyoallah,masyaallah
manta,mantan
mantaaap,mantap
mantaap,mantap
mantabb,mantab
mantabs,mantab
mantabss bagus,
mantaff,mantap
mantanny,mantannya
mantapp,mantap
mantappp,mantap
mantapppppp,mantap
manteb,mantap
manteep,mantap
mantep,mantap
mantepp,mantap
manteppp,mantap
mantes,memantas
manusiy,manusia
mao,mau
marah2,marah marah
marah2an,marah marahan
marh,marah
markus,makelar kasus
martabakk,martabak
masa2,masa masa
masaaaa,masa
masalahh,masalah
masi,masih
"masing""",masing masing
masing2,masih
masing2,masing masing
masio,masih
maslah,masalah
maso,masa
massss,mas
masukin,memasuki
masukin,memasukkan
masukin,masukkan
masy,masyarakat
masyaallahhh,masyaallah
masyarakay,masyarakat
mata'y,matanya
matany,matanya
mataq,mataku
mateeeeeeeeeeee,mati
mateeeek,mati
"mati""an",mati matian
matii,mati
mato,mata
mattihhh,mati
mauu,mau
mauuu,mau
mauuuu,mau
mauuuuu,mau
mauuuuuu,mau
mauuuuuuu,mau
maw,mau
may,mau
mayan,lumayan
mayann,lumayan
maybe,mungkin
mb,mbak
mba,mbak
"mba""",mbak mbak
mbaa,mbak
mbaaa,mbak
mbaaahhh,mbah
mbaaass,mbak
mbaak,mbak
mbaakk,mbak
mbabibuta,ceroboh
mbahh,mbah
"mbak""",mbak mbak
mbak2,mbak mbak
mbaknyaahh,mbaknya
mbakx,mbaknya
mbanya,mbaknya
mbaur,baur
mbil,sambil
mbk,mbak
mblo,jomblo
mblooo,jomblo
mboizzz,bois
mbual,bual
mbual,membual
mbuh,embuh
mcm,macam
"mdh""",mudah mudah
mdh2an,mudah mudahan
mdh2n,mudah mudahan
megang,memegang
mehoonggggg,mahal
meker,mikir
melahirin,melahirkan
melakukn,melakukan
melebihin,melebihi
melihara,memelihara
melu,ikut
meluk,memeluk
mem,beda
"membanding""",membanding banding
memilahmilah,pilih
memilihmilih,pilih
menasehati,menasihati
menbelah,membelah
mendam,memendam
mendapatkn,mendapatkan
mending,lebih baik
mendj,menjadi
menegerti,mengerti
mengait2kan,mengait ngaitkan
mengalahkn,mengalahkan
mengherthii,mengerti
menghilangkn,menghilangkan
mengikutii,mengikuti
mengirusi,mengurusi
mengncang,mengencang
mengperbolehkan,memperbolehkan
menjdi,menjadi
menjelekan,menjelekkan
menolak,tolak
mensuksekan,sukses
"mentah""",mentah mentah
"mentang""",mentang mentang
menurur,menurut
menyamaratakan,rata
menyebut2,menyebut nyebut
menyenangkn,menyenangkan
mepet,dekat sekali
meranin,memerankan
mereka2,mereka mereka
merekaa,mereka
merekaaaa,mereka
merekak,mereka
meriahh,meriah
merindinggg,merinding
merka,mereka
merrid,merit
mesrany,mesranya
met,selamat
mf,maaf
mff,maaf
mg,moga
mgk,mungkin
mgkin,mungkin
mgkn,mungkin
mgu,minggu
mh,mah
mhn,mohon
miara,memiara
miker,minuman keras
mikir2,memikir mikir
mikirin,memikirkan
mikirinnn,memikirkan
mikol,minuman beralkohol
milih,memilih
milikin,memiliki
milis,mailing list
mimin,admin
mimpiii,mimpi
minpi,mimpi
minta,meminta
mintk,minta
"minyak""an",minyak minyakan
miras,minuman keras
miriiiiip,mirip
miriiiip,mirip
miriiippp,mirip
miriip,mirip
miring2,miring miring
miriplahhhhhh,miriplah
miripp,mirip
mirippp,mirip
miripppp,mirip
mirp,mirip
mitnah,memfitnah
mk,maka
mk.a,makanya
mkanya,makanya
mkin,makin
mkir,memikir
mkn,makin
mknya,makanya
mksd,maksud
mksdku,maksudku
mksdny,maksudnya
mksdnya,maksudnya
mksdx,maksudnya
mksh,terima kasih
mksih,terima kasih
mkst,maksud
mksud,maksud
mlah,malah
mlepaskan,melepaskan
mlh,malah
mlikk,milik
mlm,malam
mls,malas
mlt.a,mulutnya
mlu,malu
mlu,melulu
mlz,malas
mmang,memang
mmbanggakan,membanggakan
mmbela,membela
mmberi,memberi
mmberikan,memberikan
mmberikn,memberikan
mmbodohkan,membodohkan
mmg,memang
mmperbaiki,memperbaiki
mmz,mas
mn,mana
mna,mana
mnambh,menambah
mncoba,mencoba
mndaptkan,mendapatkan
mnding,mending
mndpat,mendapat
mndpt,mendapat
mndukung,mendukung
mnerima,menerima
mngasi,mengasih
mngerti,mengerti
mnghina,menghina
mngikuti,mengikuti
mngira,mengira
mngkannya,mangkanya
mngkin,mungkin
mngkn,mungkin
mnilai,menilai
mnipu,tipu
mnis2nya,manis manisnya
mnisss,manis
mnjadi,menjadi
mnjawab,menjawab
mnjdi,menjadi
mnjdkan,menjadikan
mnjijikaaaaaan,menjijikkan
mnjmput,menjemput
mnjual,menjual
mnolak,tolak
mnrtkuu,menurutku
mnt,minta
mnta,minta
mntn,mantan
mnusuk,menusuk
mnutup,menutup
mo,mau
modar,mati
model2,model model
modes,modis
moge,motor gede
mohom,mohon
mokad,mati
mokat,mati
moqa,moga
moso,masa
mosok,masa
most,paling
motret,memotret
mpe,sampai
mrah,marah
mrangkul,merangkul
mreka,mereka
mrekaa,mereka
mrekaaaa,mereka
mrip,mirip
mrit,merit
mrk,mereka
mrka,mereka
mrnghadapi,menghadapi
mrusak,merusak
ms,masih
"ms""",masa masa
msa,masa
msalah,masalah
msg2,masing masing
msh,masih
msih,masih
msk,masuk
mskasih,terima kasih
msknya,masaknya
mskpn,meskipun
mslh,masalah
mslhnya,masalahnya
msng2,masing masing
mst,mesti
msuk,masuk
mt,makan teman
mtanya,matanya
mti,mati
muahal,mahal
mualll,mual
muantaap,mantap
muantteepp,mantap
mubes,musyawarah besar
mudaa,muda
"mudah""an",mudah mudahan
"mudah""n",mudah mudahan
mudah2,mudah mudah
mudah2an,mudah mudahan
mudah2n,mudah mudahan
"mudh""an",mudah mudahan
muga,moga
"muka""",muka muka
muka2,muka muka
mukae,mukanya
mukanyaa,mukanya
mukax,mukanya
muke,muka
muker,musyawarah kerja
muliany,mulianya
mulu,melulu
mulusssss,mulus
mulut2,mulut mulut
mulutny,mulutnya
mulutnyaaa,mulutnya
muluuu,melulu
mumet,pusing
mumpung,selagi
muna,munafik
munaafikk,munafik
munafikk,munafik
munas,musyawarah nasional
munaslub,musyawarah nasional luar biasa
munfik,munafik
mungki,mungkin
mungkiin,mungkin
muntaber,muntah dan berak
mupeng,muka pengin
muraaaaah,murah
murahhh,murah
murhan,murahan
murmer,murah meriah
musda,musyawarah daerah
musti,mesti
mutihin,memutihkan
mutuain,memutuskan
mutusin,memutuskan
muup,maaf
muupz,maaf
muuuu,mu
muuv,maaf
mw,now watching
mw,mau
mz,mas
n,dan
na,nya
naaaa,nya
naaaaahh,nah
naaaak,nak
naaahhh,nah
naas,nahas
naek,naik
nafass,nafas
nafkahin,menafkahi
naggung,menanggung
nagiss,menangis
nahan,menahan
nahannnn,tahan
nahh,nah
nahhh,nah
najiss,najis
naka,nakal
naksir,menaksir
nakutin,menakutkan
nal,kenal
"nama""",nama nama
nama'in,namai
nama.a,namanya
namain,namai
namain,menamai
namany,namanya
namax,namanya
nambah,menambah
nambah,bertambah
nambahh,bertambah
namnya,namanya
nampak,menampak
nampar,menampar
nanam,menanam
nanget,banget
nanggepin,menanggapi
nangiiiiis,menangis
nangiiis,menangis
nangiis,menangis
nangis,menangis
"nangis""",menangis nangis
nangiss,menangis
nangisss,menangis
nantangin,menantang
nantii,nanti
nantiii,nanti
nantik,nanti
nanya,bertanya
nanya,tanya
naon,apa
napa,kenapa
napi,narapidana
napol,narapidana politik
napsuu,napsu
napza,"narkotika, alkohol, psikotropika, dan zat adiktif "
naq,anak
nari,menari
narik,menarik
narkoba,"narkotika, psikotropika, dan obat terlarang"
narsis,bangga pada diri sendiri
nasehatin,menasihati
nasgor,nasi goreng
natap,menatap
naturalllll,natural
nawarin,menawari
nax,anak
ncek,encek
nd,indak
nda,indak
nda,tidak
ndas, kepala
ndak,indak
ndak,tidak
ndiri,sendiri
ndukung,mendukung
ndut,gendut
ne,ini
nee,ini
negri,negeri
neh,nih
neko2,neko neko
nekolim,neokolonialisme
nekolin,neokolonialisme
nelfon,menelepon
nembak,menyatakan cinta
nembak,menembak
nempel,menempel
nemuin,menemukan
"nenek""",nenek nenek
nenek2,nenek nenek
nengok,menengok
nentuin,menentukan
nerawang,menerawang
nerima,menerima
nerusin,meneruskan
netaas,menetas
netes,menetes
next,lanjut
ngabis2in,menghabiskan
ngabuburit,menunggu berbuka puasa
ngaca,mengaca
ngacaaa,mengaca
ngaco,mengaco
ngadain,mengadakan
ngademin,mengademkan
ngadu,mengadu
ngajak,mengajak
ngajar,mengajar
ngajarin,mengajari
ngaji,mengaji
ngajuin,mengajukan
ngak,enggak
ngakaaaakkk,mengakak
ngakak,mengakak
ngakak,tertawa
ngakakkk,mengakak
ngaku,mengaku
"ngaku""",mengaku ngaku
ngalah,mengalah
ngalahin,mengalahkan
ngalir,mengalir
ngalirrrrr,mengalir
ngamatin,mengamati
ngambek,marah
ngambek,mengambek
ngambekan,ambekan
ngambeknya,mengambeknya
ngambil,mengambil
ngampus,pergi ke kampus
nganbek,mengambek
nganggepin,menanggapi
nganggur,tidak punya pekerjaan
ngantar,mengantar
nganteng,ganteng
nganterin,mengantarkan
ngantri,mengantri
ngapah,kenapa
ngapain,mengapai
ngapain,sedang apa
ngapain,mengapa
ngapasih,mengapa sih
ngapus,menghapus
ngarang,mengarang
ngarep,mengharap
ngareppppp,mengharap
ngaret,terlambat
ngarsipin,mengarsipkan
ngaruh,berpengaruh
ngasi,mengasih
ngasih,memberikan
ngasih,mengasih
ngasih2,mengasih ngasih
ngata2in,mengatai ngatai
ngata2in,mengata ngatai
ngatai,mengatai
ngatain,mengatai
ngatur,mengatur
ngawur,berbicara sembarangan
ngayal,mengkhayal
ngcpin,mengucapkan
ngebala,bala
ngebales,membalas
ngebandel,berbuat bandel
ngebantu,membantu
ngebedain,membedakan
ngebela,membela
ngebelain,membela
ngebenci,membenci
ngebiarin,membiarkan
ngebolehin,membolehkan
ngebuktiin,membuktikan
ngebully,intimidasi
ngecek,mengecek
ngeceng,kumpul bareng bareng
nged,banget
ngeditnya,mengeditnya
ngedukung,mendukung
ngefans,fan
ngegampar,menggampar
ngegantiin,menggantikan
ngegemesin,menggemaskan
ngegmesin,menggemaskan
ngegosip,bergosip
ngeh,engah
ngeh,sadar
ngehakimi,menghakimi
ngehancurin,menghancurkan
ngehe,kesal
ngehina,menghina
ngehujat,menghujat
ngeidealin,mengidealkan
ngejatuhin,manjatuhkan
ngejelek,menjelekkan
ngejelek2in,menjelek jelekkan
ngejilat,menjilat
ngejuangin,memperjuangkan
ngekeh,kekeh
ngekek,mengekek
ngeklaim,mengklaim
ngekos,tinggal di kos
ngeksis,menjadi eksis
ngelahirin,melahirkan
ngelakuin,melakukan
ngelamar,melamar
ngelaporin,melaporkan
ngelarang,melarang
ngelawak,melawak
ngelawan,melawan
ngeles,berkilah
ngelewati,melewati
ngeliat,melihat
ngeliatin,melihati
ngeliatnya,melihatnya
ngelidur,menggigau
ngelihat,melihat
ngelihatnya,melihatnya
ngeluarin,mengeluarkan
ngelucu,melucu
ngembali,kembali
ngemeng,mengomong
ngemeng,bicara terus terusan
ngentot,senggama
ngentotin,senggama
ngepake',memakai
ngepoin,mengepoi
ngerampas,merampas
ngerampok,merampok
ngerasa,merasa
ngerasain,merasai
ngerayain,merayakan
ngerebut,merebut
"ngerebut""",merebut rebut
ngerendahin,merendahkan
ngerespon,merespons
ngeri,seram
ngeri2,ngeri ngeri
ngerii,ngeri
ngeriiiiii,ngeri
ngerrrriiii,ngeri
ngerti,mengerti
ngertii,mengerti
ngertiin,mengerti
ngerussak,merusak
ngeselin,mengesalkan
nget,banget
ngetik,mengetik
ngets,banget
ngetsz,banget
ngettt,banget
ngeuh,engah
ngfans,fan
ngg,enggak
ngga,tidak
nggak,tidak
nggak,enggak
nggali,menggali
nggeh,engah
ngggk,enggak
nggk,enggak
ngibul,berbohong
ngidam,mengidam
ngikut,ikut
ngikutin,mengikuti
ngilang,menghilang
ngilangin,menghilangkan
ngiler,mau
ngilerrrr,mengiler
ngimpi,mimpi
nginep,menginap
ngingetin,mengingatkan
nginjek,menginjak
ngintilin,mengintil
ngintip,mengintip
ngiri,iri
ngiri,mengiri
ngiriii,mengiri
ngirim,mengirim
ngiringan,mengiringi
ngiritya,mengiritnya
ngisi,mengisi
ngisiin,mengisikan
ngitem,menghitam
ngk,enggak
ngkkkkkk,mengakak
ngmg,mengomong
ngmg,bicara
ngmgin,mengomongkan
ngmng,mengomong
ngmng,bicara
ngmngin,mengomongkan
ngmngnya,mengomongnya
ngobrol,mengobrol
ngoceh,mengoceh
ngocok,mengocok
ngocol,lucu
ngolokin,mengolok
ngom,mengomong
ngomen,mengomentari
ngomenin,mengomentari
ngomentarin,mengomentari
ngomentnya,mengomentarinya
ngomng,mengomong
ngomomg,mengomong
ngomong,bicara
ngomong,mengomong
"ngomong""",ngomong ngomong
ngomongin,membicarakan
ngomongin,mengomongkan
ngomongnya,mengomongnya
ngorbanin,mengorbankan
ngp,mengapa
ngrasain,merasai
ngrebut,merebut
ngri,negeri
ngriii,mengiri
ngrti,mengerti
ngrusak,merusak
ngrusin,mengurusi
ngtain,mengatai
ngtif,negatif
ngubek2,mencari cari
nguburin,menguburkan
ngucapin,mengucapkan
ngulangin,mengulangi
ngumbar,mengumbar
ngumbar2,mengumbar umbar
ngumpat2,mengumpat ngumpat
ngumpet,sembunyi
"ngumpet""",mengumpet ngumpet
ngumpul,berkumpul
ngumung,mengomong
ngungkit2,mengungkit ungkit
ngurus,mengurus
ngurusan,mengurusi
ngurusin,mengurusi
ngurusin,mengurus
nh,nih
nha,nya
ni,ini
ni,nih
nice,bagus
nich,nih
nie,ini
nie,nih
niech,nih
nih,ini
nih2,nih nih
nihh,nih
nihhh,nih
nii,ini
niih,nih
niihh,nih
niiih,nih
niiihh,nih
niiiihh,nih
nikaah,nikah
nikahin,menikahi
nikmatin,menikmati
nila,gila
nilai2,nilai nilai
nimbrung,ikut serta
nimpuk,menimpuk
ninggalin,meninggalkan
ninggiin,meninggikan
nipu,tipu
niru,meniru
niyh,nih
niyyyyhhhh,nih
njay,anjay
njayyy,anjay
njerr,anjir
njiirr,anjir
njir,anjir
njirr,anjir
njirrr,anjir
njrittt,anjir
nkah,nikah
nm,nama
nmbah,bertambah
nmbah,menambah
nmbk,menembak
nmenarik,menarik
nmnya,namanya
nmpk,nampak
nmr,nomor
nnt,nanti
nnti,nanti
nntn,menonton
nntn,nonton
nnton,menonton
no,nomor
nobar,menonton bareng
nobar,nonton bareng
nolongin,menolong
nongkrong,kumpul kumpul
nonton,menonton
nontonnnn,menonton
nontonny,menontonnya
nontonx,menontonnya
nontonya,menontonnya
nontoonnn,menonton
nope,tidak
novembr,november
np,now playing
nraktir,mentraktir
nrka,neraka
nrp,narapidana
nt,nanti
ntab,mantab
ntaf,mantap
ntah,entah
ntap,mantap
ntappp,mantap
ntapsss,mantap
ntar,sebentar
ntar,nanti
ntar,entar
nti,nanti
ntik,cantik
ntikk,cantik
ntn,nonton
ntn,menonton
nton,menonton
ntr,entar
nuduh,menuduh
nuhun,terima kasih
nulis,menulis
numpuk,bertumpuk
nunduk,menunduk
nunggu,menunggu
nungguin,menunggu
nuntut,menuntut
nusuk,menusuk
"nutup""in",menutup nutupi
nutupin,menutupi
ny,nya
nyaa,nya
nyaaa,nya
nyaaaa,nya
nyaaaaaaa,nya
nyaaaaaaaaa,nya
nyaaaaaaaaaaaaa,nya
nyadar,menyadari
nyadar,menyadar
nyadar,sadar
nyah,nya
nyaingin,saing
nyakitin,menyakiti
nyalahin,menyalahkan
nyalahin,salah
nyamain,menyamakan
nyambet,menyambat
nyambung,menyambung
nyambungin,menyambung
nyampah,membuat sampah
nyampah,menyampah
nyampe,sampai
nyampein,menyampaikan
nyampenya,sampainya
nyang,yang
nyangka,menyangka
nyangkaa,menyangka
nyangkutnya,menyangkutnya
nyanyiin,menyanyikan
nyanyiin,nyanyikan
nyanyiin,menyanyi
nyaranin,menyarani
nyaranin,menyarankan
nyari,mencari
nyariin,mencari
nyaru,menyaru
nyasar,tersesat
nyatakan,menyatakan
nyatok,mencatok
nyebelin,menyebalkan
nyebur,mencebur
nyebut2,menyebut nyebut
nyebutin,menyebutkan
nyekar,menyekar
nyela,mencela
nyela,cela
nyelesain,menyelesaikan
nyembah,sembah
nyemot,ambil
nyempetin,menyempatkan
nyender,menyandar
nyenengin,menyenangkan
nyengir,menyengir
nyeniii,menyeni
nyeplak,menjiplak
nyerang,menyerang
nyerang,serang
nyerocooooos,mencerocos
nyerocos,mencerocos
nyesek,menyesak
nyesel,menyesal
nyesell,menyesal
nyet,monyet
nyia2in,menyia nyiakan
nyiapin,mempersiapkan
nyicil,mencicil
nyimak,menyimak
nyimpen,menyimpan
nyindir,menyindir
nyindirin,menyindir
nyinyirin,nyinyir
nyir2,nyinyir
nyiram,menyiram
nyo,nya
nyoba,mencoba
nyobain,mencoba
nyoblos,mencoblos
nyok,yuk
nyok,ayo
nyokap,ibu
nyolong,mencolong
nyolot,menyolot
nyolotinnnn,menyolot
nyta,nyata
nyubit,mencubit
nyubitt,mencubit
nyupir,menyopir
nyusahhin,menyusahkan
nyusahin,menyusahkan
nyusul,menyusul
o/,oleh
oalaaaa,walah
ogah,tidak mau
ohh,oh
ohhhh,oh
ok,ok
okt,oktober
ol,online
oles2,oles oles
oma2,oma oma
omaaaaaaakk,oma
omdo,omong doang
omongin,mengomongkan
omongin,omongkan
omonomon,omong
ongkiir,ongkir
ongkir,ongkos kirim
ongkirr,ongkir
ono,sono
onoh,sono
ooh,oh
oom,om
oon,bodoh
oooh,oh
oot,out of topic
oplas,operasi plastik
oprasi,operasi
oprasiya,operasinya
or,orang
orabg,orang
"orang""",orang orang
"orang""nya",orang orangnya
orang2,orang orang
orange,oranye
orangg,orang
org,orang
org2,orang orang
orgny,orangnya
orgtuanya,orang tuanya
ori,orisinal
orkes,olahraga dan kesehatan
orlaen,orang lain
orng,orang
orrunya,orang tuanya
ortu,orang tua
ortuny,orang tuanya
ortunya,orang tuanya
ospek,orientasi studi dan pengenalan kampus
otda,otonomi daerah
otot2,otot otot
otre,ok
otw,"on the way, sedang di jalan"
our,kami
owalaah,walah
owh,oh
pa,apa
pa2,apa apa
paaak,pak
paati,pasti
pacal,pacar
pacara,pacaran
pacarane,pacarannya
pacaranya,pacarannya
pacarn,pacaran
pacarnyaa,pacarnya
pacarr,pacar
pacarrr,pacar
padahall,padahal
padahl,padahal
padet,padat
padetan,padatan
padhe,pakde
padhl,padahal
pahalax,pahalanya
pahamin,memahami
pahamin,pahami
pahe,paket hemat
pait,pahit
pake,pakai
pakek,pakai
pakke,pakai
paksain,memaksa
paksain,memaksakan
pala,kepala
palgi,apalagi
palinf,paling
palingann,palingan
pan,kapan
pandanginya,memandanginya
panggilan'y,panggilannya
panggilan'ya,panggilannya
panglingg,pangling
panja,panitia kerja
pankapan,kapan kapan
pans,fan
pansus,panitia khusus
pantes,pantas
pantess,pantas
pantura,pantai utara
papahhhnya,papahnya
papiii,papi
para2,parah parah
paraa,para
paraaah,parah
paraah,parah
parahh,parah
paranoid,takut
paripurnahh,paripurna
parno,takut
parpol,partai politik
parsis,persis
parte,partai
pas2an,pas pasan
pasangn,pasangan
"pasien""nya",pasien pasiennya
pass,pas
passs,pas
past,pasti
pastii,pasti
pasutri,pasangan suami istri
patas,cepat dan terbatas
payahh,payah
pcar,pacar
pcaran,pacaran
pcaranya,pacarannya
pcarny,pacarnya
pcran,pacaran
pcrn,pacaran
pcrnya,pacarnya
pd,pada
pd,percaya diri
pda,pada
pdahal,padahal
pdhal,padahal
pdhall,padahal
pdhl,padahal
pdng,padang
pea,bodoh
pecahhg,pecah
pede,percaya diri
pedes,pedas
pedesssss,pedas
peduliin,mempedulikan
pedulilaaaah,pedulilah
peen,pengin
peengn,pengin
pegang2,pegang pegang
pegangin,memegang
pelastik,plastik
pelatda,pemusatan latihan daerah
pelatnas,pemusatan latihan nasional
peleotin,meleot
peliharaaaa,pelihara
pelwak,pelawak
pemainy,pemainnya
pembokat,pembantu
pemda,pemerintah daerah
pemilu,pemilihan umum
pemkot,pemerintah kota
pemprov,pemerintah provinsi
pemred,pemimpin redaksi
pen,pengin
penasaraaann,penasaran
penasarannnn,penasaran
penasarn,penasaran
penbelian,pembelian
pencil,kecil
penertiban,tertib
pengalam,pengalaman
pengan,pengin
penganten,pengantin
pengeeenn,pengin
pengen,ingin
pengen,pengin
pengenn,pengin
pengennn,pengin
pengennnn,pengin
penghrgaan,penghargaan
pengikuy,pengikut
pengn,pengin
pengrusak,perusak
penjas,pendidikan jasmani
penmas,pendidikan masyarakat
pensaran,penasaran
pentass,pentas
pentingg,penting
penyakitny,penyakitnya
penyanyi2,penyanyi penyanyi
penyebab2,penyebab penyebab
peragain,peragakan
perasaanny,perasaannya
perata,merata
perbaikin,memperbaiki
perbulannn,perbulan
percya,percaya
perda,peraturan daerah
perek,wanita tuna susila
perhatiam,perhatian
perhatiin,perhatikan
perilakuny,perilakunya
perintah,pemerintah
perjabatt,pejabat
permasalhkan,permasalahkan
perna,pernah
pernikahn,pernikahan
personill,personil
pertamany,pertamanya
pertamax,pertama
pertma,pertama
perubut,perebut
pesen,pesan
pesenan,pesanan
pesenin,pesankan
petinggi2,petinggi petinggi
pg,pagi
pgang,pegang
pgen,pengin
pgi,pagi
pgi,pergi
pgin,pengin
pgn,pengin
pgnnya,penginnya
pi,tapi
piiiilih,pilih
piiink,pink
pijetin,pijitkan
"pikir""",pikir pikir
pilihannny,pilihannya
pilihnmu,pilihanmu
pilkada,pemilihan kepala daerah
pilm,film
pimpro,pemimpin proyek
pingin,pengin
pinginnn,pengin
pinkkkk,pink
pinter,pintar
pintr,pintar
pipi'y,pipinya
pipine,pipinya
pipinyaaa,pipinya
pisan,sangat
pisgor,pisang goreng
pjang,pajang
pjg,panjang
pk,penjahat kelamin
pk,pakai
pkai,pakai
pke,pakai
pkee,pakai
pkek,pakai
pkk,pakai
pkoknya,pokoknya
pkoknyaa,pokoknya
pkrin,pikirkan
pla,pula
plampiasannn,pelampiasan
plg,paling
plg,pulang
plh,pilih
pling,paling
pljaran,pelajaran
pljrn,pelajaran
pls,tolong
plsa,pulsa
pluk,peluk
pm,private message
pmbantu,pembantu
pmbelajaran,pembelajaran
pmbyran,pembayaran
pmrnth,pemerintah
pndah,pindah
pndang,pandang
pndapat,pendapat
pndukung,pendukung
pngen,pengin
pngenn,pengin
pngn,pengin
pnjang,panjang
pnjerumus,penjerumus
pnjng,panjang
pnjual,penjual
pnting,penting
pnuh,penuh
pny,punya
pnya,punya
pnyaa,punya
poko,pokok
pokok'a,pokoknya
pokonya,pokoknya
polantas,polisi lalu lintas
polll,pol
pollll,pol
polwan,polisi wanita
ponakn,ponakan
ponpes,pondok pesantren
ponsel,telepon seluler
poollll,pol
poool,pol
poooolllll,pol
porposionalnya,bagian
positippp,positif
pp,pulang pergi
ppa,papa
ppa,apa
praktekin,mempraktikkan
prasaan,perasaan
prawatan,perawatan
prcuma,percuma
prcy,percaya
prcya,percaya
prempuan,perempuan
presh,segar
prg,pergi
prh,parah
prhatian,perhatian
prikitiw,cie
priksa,periksa
prinadi,pribadi
prjuangan,perjuangan
prlu,perlu
prmpuan,perempuan
prnah,pernah
prnh,pernah
pro,profesional
problem,masalah
prodac,produk
prodak,produk
prodaknya,produknya
programme,program
promil,program hamil
promoo,promo
protestin,protestan
prototype,contoh
prov,provinsi
prsatukn,persatukan
prtamax,pertamanya
prwatn,perawatan
prwtn,perawatan
ps,pas
psangan,pasangan
psen,pesan
psgn,pasangan
psn,pesan
pst,pasti
psti,pasti
pswt,pesawat
pu,punya
puanas,panas
pucing,pusing
pukulin,pukuli
pulaa,pula
pulak,pula
pulgar,kasar
punn,pun
punyaaa,punya
pura2,pura pura
pusingggg,pusing
putihh,putih
putihnyaa,putihnya
puyeng,pusing
pw,posisi nyaman
px,punya
py,punya
pyudara,payudara
q,ku
q,aku
qaqaaaa,kakak
qm,kamu
qmo,kamu
qmu,kamu
qo,kok
qpernyataan,pernyataan
qt,kita
qta,kita
qu,ku
rajin2,rajin rajin
rakor,rapat koordinasi
rame,ramai
rame2,rame rame
rana,ranah
ranmor,kendaraan bermotor
rapih,rapi
rasaiin,rasai
rasain,merasai
rasain,rasai
rasakn,rasakan
raskin,rakyat miskin
rata2,rata rata
rb,ribu
re,reply
real,nyata
real life,realita
recomendasinya,rekomendasinya
recommendasi,rekomendasi
red,redaksi
redho,ridho
ref,referensi
reg,register
rehab,rehabilitasi
rejeki,rezeki
reklamuk,reklamasi
rekomendain,rekomendasikan
rekomendasiiin,merekomendasikan
rekomendasiin,merekomendasikan
rekomendasiin,rekomendasikan
rekomndd,rekomendasi
relaaaa,rela
remang2,remang remang
rempong,repot
rempong,sulit
renstra,rencana strategis
repong,repot
repot2,repot repot
repp,balas
reskrim,reserse kriminal
restik,reserse narkotika
rezeqinya,rezekinya
rezki,rezeki
rhs,Rahasia
rhs,rahasia
ributin,meributkan
rights,benar
rinduuuuuuu,rindu
rinduuuuuuuuu,rindu
rinduuuuuuuuuu,rindu
rja,raja
rkyt,rakyat
rmbt,rambut
rmbut,rambut
rmbutnya,rambutnya
rmbuut,rambut
rmh,rumah
rofl,rolling on the floor laughing
romantisny,romatisnya
romantiss,romantis
romantiz,romantis
romntis,romantis
rpt2,repot repot
ru,baru
rubahnn,rubah
rudal,peluru kendali
ruko,rumah toko
rumh,rumah
rumpiin,rumpi
rupa2nya,rupa rupanya
rusakkk,rusak
rusun,rumah susun
rusunawa,rumah susun sewa
rutan,rumah tahanan
ruz,terus
s,si
s,sih
s'lalu,selalu
s*inetr*n,sinetron
s3ndiri,sendiri
s4,sempat
saat2,saat saat
saayyyyy,say
sabaarrr,sabar
sabal,sabar
sabaro,sabar
sabarrr,sabar
sabarrrrr,sabar
sadaar,sadar
sadis2,sadis sadis
sahabatt,sahabat
saia,saya
saiank,sayang
salaam,salam
salahin,salahkan
salammmm,salam
salehah,salihah
salfok,salah fokus
salluutt,salut
salting,salah tingkah
saltum,salah kostum
saltummmm,salah kostum
sam,sama
"sama""",sama sama
sama2,sama sama
samaa,sama
samaaaa,sama
samara,sakinah mawadah rahman
samoga,semoga
sampai2,sampai sampai
sampe,sampai
sampein,sampaikan
sampek,sampai
sampeyan,anda
sampis,sampah habis
sampw,sampai
samsek,sama sekali
sangaaattt,sangat
sangat2,sangat sangat
sangattt,sangat
sanggat,sangat
sangt,sangat
santab,santap
sapa,siapa
sapa2,sapa sapa
sapose,siapa
saranin,sarankan
saranin,menyarankan
sasama,sesama
satkorlak,satuan koordinator pelaksana
satpam,satuan pengamanan
satupunn,satupun
satuu,satu
satuuuuu,satu
saudra,saudara
say,sayang
saya2,saya saya
sayaa,saya
sayaang,sayang
sayan,sayang
sayangg'',sayang sayang
sayanggg,sayang
sayangggq,sayangku
sayangkuh,sayangku
sayangkuuuuu,sayangku
sayangx,sayangnya
sayy,sayang
sayyy,say
sbagai,sebagai
sbaiknya,sebaiknya
sbb,sebagai berikut
sbb,sebab
sbbrnya,sebenarnya
sbbyak,sebanyak
sbelah,sebelah
sbelum,sebelum
sbenernya,sebenarnya
sbg,sebagai
sbgai,sebagai
sbh,sebuah
sbhabat,sahabat
sblah,sebelah
sblh,sebelah
sblm,sebelum
sblmny,sebelumnya
sblmnya,sebelumnya
sblum,sebelum
sbnarnya,sebenarnya
sbnrny,sebenarnya
sbnyak,sebanyak
sbr,sabar
sbuah,sebuah
sby,surabaya
scara,secara
scpatny,secepatnya
scr,secara
scra,secara
sdah,sudah
sdg,sedang
sdgkn,sedangkan
sdh,sudah
sdkit,sedikit
sdkit2,sedikit sedikit
sdkt,sedikit
sdm,sumber daya manusia
sdngkn,sedangkan
sdri,sendiri
se7,setuju
seabrek,banyak
seandainy,seandainya
"sebaik""",sebaik baik
sebelas dua belas,mirip
sebelom,sebelum
sebelum2nya,sebelum sebelumnya
sebelumbya,sebelumnya
sebenernya,sebenarnya
sebnyak,sebanyak
"seburuk""",seburuk buruk
seburuk2,seburuk buruk
sedangkn,sedangkan
sedihh,sedih
sedihhh,sedih
sedikitlaahh,sedikitlah
see,sih
seeeemua,semua
seeh,sih
seehh,sih
"segala""ny",segala galanya
segala2nya,segala galanya
seger,segar
segerr,segar
segerrrr,segar
segitunya,sebegitunya
segtu,sebegitu
seh,sih
seharusny,seharusnya
sehat2,sehat sehat
sehh,sih
seindonesiyah,seindonesia
sekedar,sekadar
sekaeang,sekarang
sekali2,sekali kali
sekalii,sekali
sekaliiii,sekali
sekaliiiii,sekali
sekangen2,sekangen kangen
sekarng,sekarang
sekat,batas
sekjen,sekretaris jenderal
seklian,sekalian
sekolahin,sekolahkan
sekrang,sekarang
sekrng,sekarang
seksii,seksi
selaloe,selalu
selaluu,selalu
sellow,selow
selmat,selamat
selmnya,selamanya
selmt,selamat
seluru,seluruh
semangaatt,semangat
semangaatttt,semangat
semangatt,semangat
semangattt,semangat
semau,asal
sembako,sembilan bahan pokok
sembuhin,menyembuhkan
"sembunyi""""",sembunyi sembunyi
semngat,semangat
semogaa,semoga
sempak,celana dalam
sempet,sempat
sempet2nya,sempat sempatnya
sempurnaa,sempurna
sempurnaaaaa,sempurna
semuaaa,semua
semuannyaaa,semuanya
semuanyaa,semuanya
semuanyaaaa,semuanya
senang2,senang senang
senangat,semangat
sendeng,senang
sendirii,sendiri
sendirinnya,sendirinya
sendirinyya,sendirinya
sendirir,sendiri
sendratari,seni drama tari
sendri,sendiri
seneeeeeng,senang
seneng,senang
senengg,senang
senenggg,senang
senengin,senangi
senjang,batas
senyumin,senyumi
senyumna,senyumnya
seorg,seorang
sept,september
serasiii,serasi
serem,seram
"serem""",seram seram
serem2,seram seram
sering2,sering sering
sertijab,serah terima jabatan
seru2,seru seru
seru2an,seru seruan
seruu,seru
seruuu,seru
sesatt,sesat
sesekk,sesak
setabil,stabil
setelur2nya,setelur telurnya
seterong,setrong
seting,akting
setju,setuju
setting,atur
setujuuu,setuju
setujuuuu,setuju
sewain,menyewa
sexi,seksi
sexi2,seksi seksi
sexxi,seksi
sey,sih
sgampang,segampang
sgla,segala
sgt,sangat
sgtu,sebegitu
sgtu'y,sebegitunya
sgtunya,segitunya
shaaaay,say
shaay,say
shabat,sahabat
sharusnya,seharusnya
shat,sehat
shay,say
shayy,say
shayyy,say
shbat,sahabat
shbt,sahabat
shg,sehingga
sholihah,salihah
si,sih
sia2kan,sia siakan
siapa2,siapa siapa
siapaa,siapa
siapayahh,siapa ya
siappa,siapa
sibukx,sibuknya
sich,sih
sichh,sih
sichhhhhhhhhh,sih
sidak,inspeksi mendadak
sie,sih
siech,sih
sieyh,sih
sigendut,gendut
sihat,sehat
sihh,sih
sihhh,sih
sihhhh,sih
sii,sih
siih,sih
siihh,sih
siihhh,sih
siiih,sih
siiihh,sih
siiihhh,sih
siiiiiiippppppppp,sip
siip,sip
siipp,sip
siippp,sip
"sikap""",sikap sikap
sikon,situasi dan kondisi
silahkan,silakan
silahkn,silakan
silauuu,silau
silsturahmi,silaturahmi
simiskin,miskin
simpedes,simpanan pedesaan
simpen,simpan
sinet,sinetron
sinetron,sinema elektronik
sintron,sinetron
sip,ok
sipiit,sipit
sipp,sip
siramin,siramkan
siriik,sirik
sirikk,sirik
sis,kakak perempuan
sisain,menyisakan
sista2,sista sista
siswadan,siswa
sitayngin,ditayangkan
sj,saja
sja,saja
sjk,sejak
sk,suka
ska,suka
skali,sekali
skali2,sekali kali
skalian,sekalian
skaligus,sekaligus
skalii,sekali
skarang,sekarang
skedar,sekadar
skg,sekarang
skit,sakit
skitar,sekitar
skl,sekali
sklh,sekolah
skli,sekali
sklinyaa,sekalinya
skluarga,sekeluarga
skolah,sekolah
skr,sekarang
skrang,sekarang
skrg,sekarang
skrng,sekarang
skrngnya,sekarangnya
skrnh,sekarang
skt,sakit
sktika,seketika
sktlrang,sekarang
skul,sekolah
slah,salah
slahkan,salahkan
slalu,selalu
slaluuuuu,selalu
slam,salam
slama,selama
slamat,selamat
slamet,selamat
slamt,selamat
slesai,selesai
slh,salah
slhkan,salahkan
sling,saling
sll,selalu
sllu,selalu
slm,salam
slma,selama
slmat,selamat
slmnya,salamnya
slmt,selamat
slmttt,selamat
slsai,selesai
slt,sulit
slw,selow
sm,sama
sm2,sama sama
sma,sama
sma2,sama sama
smakin,semakin
smangat,semangat
smbil,sambil
smentara,sementara
smg,semoga
smga,semoga
smgaa,semoga
smkin,semakin
smnagatin,menyemangati
smngat,semangat
smnjak,semenjak
smog,semoga
smoga,semoga
smogaaa,semoga
smp,sampai
smpai,sampai
smpe,sampai
smpt,sempat
smrg,semarang
smster,semester
smua,semua
smuaaa,semua
smulla,semula
smvk,sempak
smw,semua
smwny,semuanya
sna,sana
sndiri,sendiri
sndr,sendiri
sndri,sendiri
sneng,senang
sng,senang
sngaja,sengaja
sngt,sangat
sni,sini
so,sok
soal'y,soalnya
soalx,soalnya
soft,halus
soga,moga
sohib,teman
sok2,sok sok
sok2an,sok sokan
sokk,sok
soljum,sholat jumat
solve,solusi
somse,sombong sekali
songong,sombong
songsong,menghadapi
sorry,maaf
sory,maaf
sosbud,sosial budaya
sosek,sosial ekonomi
sospol,sosial politik
sotoy,sok tau
sotoy,sok tahu
sowry,maaf
sp,siapa
sp,sapa
spa,siapa
spd,sepeda
sperti,seperti
spertinya,sepertinya
sppa,siapa
sprt,seperti
sprti,seperti
spt,seperti
spti,seperti
spy,supaya
srng,sering
srpti,seperti
srruu,seru
srta,serta
srtfkt,sertifikat
ssorg,seseorang
sstu,sesuatu
staf2nya,staf stafnya
stagahhhh,astaga
statusx,statusnya
steess,stres
stelah,setelah
stiap,setiap
stidaknya,setidaknya
still,masih
stimpal,setimpal
stju,setuju
stlh,setelah
stop,henti
stp,setiap
stress,stres
sttus,status
stu,satu
stuju,setuju
suami'y,suaminya
suamiii,suami
suamiiiii,suami
suaminga,suaminya
suaminy,suaminya
suaranyaa,suaranya
suaranyaaaaaa,suaranya
suaraynyaa,suaranya
suarranya,suaranya
subahanallah,subhanallah
subbag,subbagian
subhanaallahh,subhanallah
subhanallahhh,subhanallah
subhanalloh,subhanallah
subhannallah,subhanallah
subhnallah,subhanallah
suces,sukses
sucses,sukses
sud,sudah
suda,sudah
sudab,sudah
suerrr,suer
suipit,sipit
suk,masuk
suk,suka
suka.a,sukanya
suka2,suka suka
sukaa,suka
sukaaa,suka
sukaaaa,suka
sukaaaaaa,suka
sukaaak,suka
sukak,suka
sukakkk,suka
sukam,suka
sukkaa,suka
suko,suka
sukse,sukses
suksea,sukses
suksess,sukses
sukur2,sukur sukur
sumai,suami
sumbangin,sumbangkan
sumpahh,sumpah
sumpeh,sumpah
sumpek,sempit
sumvahh,sumpah
sunah2,sunah sunah
sunggu,sungguh
sungguh2,sungguh sungguh
supeer,super
surgaa,surga
suru,suruh
sweger,segar
swmntara,sementara
sy,saya
sya,saya
syang,sayang
syantiek,cantik
syantiiiiikkkkkkkkkkkk,cantik
syantik,cantik
syediih,sedih
syediiihhh,sedih
syekaliii,sekali
syg,sayang
sygkuu,sayangku
"syirik""",syirik syirik
syng,sayang
syngnya,sayangnya
synk,sayang
syp,siapa
sypa,siapa
syratnya,syaratnya
syukaaakkk,suka
t,itu
t4,tempat
tabanas,tabungan pembangunan nasional
taek,tahi
taekk,tahi
tah,teh
tahannn,tahan
tahi,tai
tahi,kotoran
"tahun""",tahun tahun
tahun2,tahun tahun
tai,tahi
tai,kotoran
taiiii,tahi
taik,kotoran
taik,tahi
tajir,kaya
tak,tidak
takuttt,takut
takuuuuut,takut
tambahh,tambah
tambahim,tambahkan
tambahin,tambahkan
tambh,tambah
tampialannya,tampilannya
tamvann,tampan
tanda2nya,tanda tandanya
tanggung2,tanggung tanggung
tangkep,tangkap
"tante""",tante tante
tante2,tante tante
tantee,tante
tanteny,tantenya
tanya2,tanya tanya
tanyain,tanyakan
tanyang,tayang
taon,tahun
tap8,tapi
tapii,tapi
tapo,tapi
tappi,tapi
tar,nanti
tar,entar
tara,setara
tau,tahu
tau2,tau tau
tauk,tahu
taun,tahun
tauu,tau
tauuu,tau
tauuuu,tau
tauuuuu,tau
taux,taunya
taw,tau
taw,tahu
tawh,tahu
tay,tahi
tayik,tahi
taz,atas
tbuh,tubuh
td,tadi
tdak,tidak
tdi,tadi
tdk,tidak
tdnya,tadinya
tdr,tidur
tdung,tudung
tdur,tidur
te2p,tetap
tebel,tebal
tebir,ribet
"tebir""",ribet ribet
tegaar,tegar
teguran2,teguran teguran
teh,kakak perempuan
tehh,teh
tehhh,teh
tehhhh,teh
tekor,rugi
telaatt,telat
telat,terlambat
telefisi,televisi
telimakacih,terima kasih
telkom,telekomunikasi
telmi,telat berpikir
telp,telepon
"teman""ny",teman temannya
teman2,teman teman
tembemmm,tembem
tembokk,tembok
temen,teman
"temen""",teman teman
temen temen,teman teman
temen2,teman teman
temenan,berteman
temenkuuh,temanku
temenn,teman
temennya,temannya
tempat2,tempat tempat
tempt,tempat
tengah2,tengah tengah
tengaj,tengah
tenggah,tengah
tengil,menyebalkan
tengok,menjenguk
tenny,tenang
tentanh,tentang
tepar,terkapar
terangkhn,terangkan
terbaeeeek,terbaik
terbaeq,terbaik
terbaiiikkkkk,terbaik
terbaikkk,terbaik
terbitin,terbitkan
terburu2,terburu buru
terhaaru,terharu
terharuuu,terharu
terharuuuu,terharu
terimaksih,terima kasih
teringt,teringat
terjrumus,terjerumus
terkenall,terkenal
termiribkan,termiripkan
termuraaahhhh,termurah
termurahhh,termurah
termurahhhh,termurah
ternodain,ternodai
ternyataa,ternyata
terong2an,terong terongan
terossss,terus
terrrrbaik,terbaik
teru,terus
"terus""an",terus terusan
terus2an,terus terusan
teruss,terus
terusss,terus
teruuss,terus
teruz,terus
teruzzz,terus
testi,testimoni
testinya,testimoninya
tetaplaah,tetaplah
tetapppp,tetap
tetehh,teteh
tetep,tetap
tetp,tetap
teyuss,terus
tggu,tunggu
tgk,tengok
tgl,tanggal
tgu,tunggu
th,tahu
th,teh
th,tahun
th2,tahun tahun
than,tahan
thanks,terima kasih
thankz,terima kasih
thd,terhadap
thdp,terhadap
therchakitty,tersakiti
thn,tahun
thnan,tahunan
thu,tuh
thu,itu
thun,tahun
thx,terima kasih
tiba2,tiba tiba
tidakkkk,tidak
tiga2nya,tiga tiganya
tikung2,tikung tikung
tilang,bukti pelanggaran
tilep,tilap
tingal,tinggal
tinggalin,tinggalkan
tinggalkn,tinggalkan
tinggall,tinggal
tinggl,tinggal
tioghoa,tionghoa
tipe2,tipe tipe
tipi,TV
tipiwan,TvOne
tips2,tips tips
tipu2nya,tipu tipunya
tirani,tiran
tium,cium
tk,tak
tkg,tukang
tks,terima kasih
tkut,takut
tlg,tolong
tll,terlalu
tlog,tolong
tlp,telepon
tlpn,telepon
tls,tulis
tlsn,tulisan
tlvn,telepon
tman,teman
tmbah,tambah
tmbh,tambah
tmbm,tembam
tmen,teman
tmen2,teman teman
tmn,teman
tmn2,teman teman
tmn2nya,teman temannya
tmpah,tumpah
tmph,tumpah
tmpt,tempat
tnang,tenang
tnda,tanda
tnggl,tanggal
tnggu,tunggu
tngh,tengah
tngu,tunggu
tnh,tanah
tnp,tanpa
tnpa,tanpa
tntg,tentang
tntram,tentram
tnya,tanya
tnyta,ternyata
to,tapi
togel,toto gelap
tohh,toh
tokai,tai
tokayyy,tahi
toketnya,teteknya
tolernsi,toleransi
toloollll,tolol
tone deaf,tidak peduli
tongolin,menongol
toserba,toko serba ada
tot,entot
toys,main
tp,tapi
tpi,tapi
tpii,tapi
tpy,tapi
tq,terima kasih
trasa,terasa
trbaik,terbaik
trbaikk,terbaik
trbukti,terbukti
trdhulu,terdahulu
tren,trend
trending,trend
trganggu,terganggu
trgntg,tergantung
trhtung,terhitung
trima,terima
trima,terima kasih
trims,terima kasih
trimz,terima kasih
trjadi,terjadi
trjd,terjadi
trknal,terkenal
trkrim,terkirim
trlalu,terlalu
trlihat,terlihat
trll,terlalu
trm,terima
trmanis,termanis
trmasuk,termasuk
trmsuk,termasuk
trnyata,ternyata
trnyt,ternyata
troma,trauma
trpsah,terpisah
trrharu,terharu
trs,terus
trsa,terasa
trserah,terserah
trserh,terserah
trsrh,terserah
trun,turun
trus,terus
trusan.a,terusannya
trusss,terus
trussss,terus
trutama,terutama
trz,terus
ts,penulis
tsangka,tersangka
tsb,tersebut
tsk,tersangka
tst,tahu sama tahu
ttap,tetap
ttd,tertanda
tteh,teteh
ttep,tetap
ttg,tentang
tth,teteh
ttinggi,tinggi
ttp,tetap
tu,itu
tua2,tua tua
tuany,tuanya
tuch,tuh
tuh,itu
tuhanny,tuhannya
tuhh,tuh
tuhhh,tuh
tuir,tua
tuk,untuk
tukan,tukang
tullus,tulus
tumpe2,tumpah tumpah
tunggu2,tunggu tunggu
tunjukan,tunjukkan
tunjukin,tunjukkan
tutorialx,tutorialnya
tutupin,menutupi
tuu,tuh
tuuh,tuh
tuuu,itu
tuuuuh,tuh
tuwanya,tuanya
tuwek,tua
tuwh,tuh
tw,tau
tw,tahu
tx,tak
tyap,tiap
u,kamu
u,untuk
u,lu
u/,untuk
uaaasssiiiik,asik
uasai,kuasa
ubur2,ubur ubur
ucapin,mengucapkan
ucul,lucu
ucull,lucu
ucullllll,lucu
ud,sudah
uda,sudah
udah,sudah
udah2,sudah sudah
udahh,sudah
udahlah,sudahlah
udeh,sudah
udehh,sudah
udh,sudah
uga,juga
ugaaa,juga
ugha,juga
ughaa,juga
uhh,uh
uhhh,uh
uih,uh
uitnya,duitnya
ujg,ujung
ujung2,ujung ujung
ujung2nya,ujung ujungnya
ujunggg,ujung
ul,ulangan
ulan,ulang
ultah,ulang tahun
ultahe,ultahnya
ultha,ultah
umkm,usaha
undangan2,undangan undangan
ungkapin,ungkapkan
ungkit2,ungkit ungkit
univ,universitas
untk,untuk
unyu,lucu
unyu,menggemaskan
unyu2,unyu unyu
unyuu,unyu
unyuuk,unyu
upa,upaya
uplot,unggah
uppu,apa
urang,saya
urat2nya,urat uratnya
urg,saya
ursan,urusan
urusanny,urusannya
urusin,urus
urusin,mengurusi
urusn,urusan
usa,usah
usah,perlu
usahh,usah
ush,usah
ustzah,ustazah
utang,hutang
utip,kutip
utk,untuk
utkmu,untukmu
utul,ujian tertulis
uuh,uh
uuhh,uh
uuhhh,uh
uuuuuaaaaaaaaaappppppppppiiiiiiiiiiiiiiiiiikkkkkkkkkkkkkkkk,apik
uwahhhhh,wah
uwakk,uwak
uwee,gue
uztad,ustad
valas,valuta asing
valid,sah
vak, pak
via,melalui
vibesnya,suasana
victory,menang
vol,volume
vote,pilih
w,gue
w/,dengan
waaa,wah
waaaaw,wow
waaahhh,wah
waaaww,wow
waaawwww,wow
waah,wah
wad,buat
wadaaw,waduh
wadir,wakil direktur
wado,waduh
waduhh,waduh
waduhhh,waduh
waduuuuh,waduh
wagub,wakil gubernur
wahh,wah
wahhh,wah
wahhhhhh,wah
wajarrr,wajar
wajiiib,wajib
waktunyaaa,waktunya
walik,balik
wamil,wajib militer
wanitah,wanita
wanjerrr,anjir
wanjiir,anjir
waoohhh,wah
war,perang
warbiyasah,luar biasa
waria,wanita pria
warkop,warung kopi
warnaaa,warna
warnany,warnanya
warnet,warung internet
warteg,warung tegal
wartel,warung telekomunikasi
waspadalah,waspada
wat,buat
watuk,batuk
waw,wow
waww,wow
wawwwww,wow
wdooohhh,waduh
weeeh,wih
week,wig
wenak,enak
wenakk,enak
were doomed,di bodohi
wewww,wow
widihh,idih
widihh,waduh
wihh,wih
wihhh,wih
wihhhhhh,wih
wiih,wih
wiiiihhhh,wih
wiiiihhhhhhhhh,wih
wik,wig
wjh,wajah
wk,waktu
wk,tertawa
wkt,waktu
wktu,waktu
wktunya,waktunya
wkwk,tertawa
wkwkkw,tertawa
wlau,walau
wlaupun,walaupun
wlawpun,walaupun
wlo,walau
wlwpun,walaupun
woey,woy
woles,selow
wong2,wong wong
woooiiiii,woy
woooiiiiiiii,woy
wooow,wow
wooowww,wow
woooyy,woy
woow,wow
woowwww,wow
wota2,wota wota
wouww,wow
wowok,prabowo
wowoooww,wow
woww,wow
wowww,wow
wowwww,wow
wowwwww,wow
woyyy,woy
wrapped,rangkum
wrn,warna
wtf,what the fuck
wth,what the hell
wuastagah,astaga
x,kali
xixixi,tertawa
xlian,kalian
y,saya
y,iya
y,nya
y,ya
y,kenapa
ya,iya
yaa,ya
yaaa,ya
yaaa ,ya
yaaaa,ya
yaaaaaa,ya
yaaah,ya
yaaampunnn,ya ampun
yaaang,yang
yaah,ya
yaahh,ya
yaahhh,ya
yaak,ya
yaakk,ya
yaakkk,ya
yaampuuuunnnn,ya ampun
yaang,yang
yach,ya
yachhh,ya
yad,yang akan datang
yaelahhh,alah
yah,ya
yahbh,ya
yahh,ya
yahhh,ya
yahhhh,ya
yak,ya
yakaliiiii,yakali
yakinn,yakin
yakk,ya
yam,ya
yanckh,yang
yank,sayang
yankkk,sayang
yaoloh,yaallah
yaolohh,ya allah
yap,ya
yap,iya
yapp,ya
yappp,ya
yapz,iya
yaudah,ya sudah
yaudh,ya sudah
yauwda,ya sudah
yawdah,ya sudah
yawlah,ya allah
yawloh,ya allah
yayang,sayang
ybs,yang bersangkutan
yee,ya
yeee,ya
yeeee,ya
yep,ya
yeuh,ya
yg,yang
ygs,sayang
yh,ya
yha,ya
yhaaa,ya
yi,yaitu
yl,yang lain
yng,yang
ynk,sayang
yo,ya
yo,iya
yoha,iya
yoiii,yoi
yoiiu,yoi
yok,yuk
yokk,yuk
yokkk,yuk
yoo,ya
yoo,ayo
yook,yuk
yoooiii,yoi
yoookkkk,yuk
yooookkk,yuk
yooow,ya
yowes,ya sudah
yq,yang
ysh,ya
yu,yuk
yuh,tuh
yuk,ayo
yukk,yuk
yukkk,yuk
yukkkk,yuk
yuks,yuk
yukss,yuk
yup,ya
yup,iya
yuppss,ya
yuu,yuk
yuuk,yuk
yuukk,yuk
yuuks,yuk
yuuu,yuk
yuuuk,yuk
yuuuuk,yuk
yuuuukkk,yuk
yuwkkk,yuk
ywdh,ya sudah
yya,ya
yyaaa,ya
z,saja
za,saja
zama,zaman
zonk,bodoh
